-- phpMyAdmin SQL Dump
-- version 4.5.1
-- http://www.phpmyadmin.net
--
-- Host: 127.0.0.1
-- Generation Time: 21 Mei 2018 pada 21.14
-- Versi Server: 10.1.19-MariaDB
-- PHP Version: 5.6.28

SET SQL_MODE = "NO_AUTO_VALUE_ON_ZERO";
SET time_zone = "+00:00";


/*!40101 SET @OLD_CHARACTER_SET_CLIENT=@@CHARACTER_SET_CLIENT */;
/*!40101 SET @OLD_CHARACTER_SET_RESULTS=@@CHARACTER_SET_RESULTS */;
/*!40101 SET @OLD_COLLATION_CONNECTION=@@COLLATION_CONNECTION */;
/*!40101 SET NAMES utf8mb4 */;

--
-- Database: `pinjamanregistrasi`
--

-- --------------------------------------------------------

--
-- Struktur dari tabel `fakultas_prodi`
--

CREATE TABLE `fakultas_prodi` (
  `kode_prodi` varchar(10) NOT NULL,
  `nama_prodi` varchar(100) NOT NULL
) ENGINE=InnoDB DEFAULT CHARSET=latin1;

--
-- Dumping data untuk tabel `fakultas_prodi`
--

INSERT INTO `fakultas_prodi` (`kode_prodi`, `nama_prodi`) VALUES
('22', 'Informatika'),
('71', 'Informatika'),
('31', 'Bioteknologi'),
('72', 'Sistem Informasi'),
('41', 'Kedokteran'),
('12', 'Akuntansi'),
('11', 'Manajemen'),
('21', 'Arsitektur'),
('24', 'Desain Produk'),
('01', 'Teologi'),
('', ''),
('63', 'Arsitektur S2');

-- --------------------------------------------------------

--
-- Struktur dari tabel `history`
--

CREATE TABLE `history` (
  `id` int(11) NOT NULL,
  `cicilan` int(11) NOT NULL,
  `nim` int(11) NOT NULL
) ENGINE=InnoDB DEFAULT CHARSET=latin1;

-- --------------------------------------------------------

--
-- Struktur dari tabel `mahasiswa`
--

CREATE TABLE `mahasiswa` (
  `nim` varchar(8) NOT NULL,
  `nama` varchar(100) NOT NULL,
  `tempat_lhr` varchar(50) NOT NULL,
  `tgl_lhr` date NOT NULL,
  `status` varchar(5) NOT NULL,
  `kode_prodi` int(11) NOT NULL,
  `validasi` int(11) NOT NULL,
  `status_peminjaman` int(11) NOT NULL
) ENGINE=InnoDB DEFAULT CHARSET=latin1;

--
-- Dumping data untuk tabel `mahasiswa`
--

INSERT INTO `mahasiswa` (`nim`, `nama`, `tempat_lhr`, `tgl_lhr`, `status`, `kode_prodi`, `validasi`, `status_peminjaman`) VALUES
('12000004', 'P. HENDRIK LIMAS', 'Palembang', '2003-01-18', 'TA', 12, 0, 0),
('12000050', 'RIZA ALEXANDER', 'Cianjur', '0000-00-00', 'TA', 12, 0, 0),
('12010108', 'SONNY DOLI HASINTONGAN SITORUS', 'Jakarta', '0000-00-00', 'TA', 12, 0, 0),
('12020139', 'LINA SUCININGSIH', 'CILACAP', '2003-10-10', 'TA', 12, 0, 0),
('12020140', 'RISNAWATI', 'KOTABUMI', '0000-00-00', 'TE', 12, 0, 0),
('12020158', 'IKA DEWI SUSANTO', 'SURAKARTA', '0000-00-00', 'TR', 12, 0, 0),
('12020175', 'SEPRI', 'JAMBI', '0000-00-00', 'TE', 12, 0, 0),
('12020177', 'RAMSERY SIMANJUTAK', 'PAKKAT HAUAGONG', '2003-04-20', 'TE', 12, 0, 0),
('12030201', 'ESTER YUNITA', 'YOGYAKARTA', '2003-12-09', 'TR', 12, 0, 0),
('12030205', 'ELISABETH PATRICIA DWI R', 'YOGYAKARTA', '0000-00-00', 'TA', 12, 0, 0),
('12030218', 'TRI ANA PUJI HASTUTIK', 'SRAGEN', '0000-00-00', 'TR', 12, 0, 0),
('12030231', 'ROBERT AGUS KURNIAWAN', 'TEMANGGUNG', '0000-00-00', 'TR', 12, 0, 0),
('12030242', 'ANTORO SURYO', 'YOGYAKARTA', '0000-00-00', 'TR', 12, 0, 0),
('12030256', 'I WY INDRIYARTHANA I. P.', 'KUPANG', '2003-12-26', 'TA', 12, 0, 0),
('12040283', 'OKTA WIJAYA', 'TANJUNG KARANG', '0000-00-00', 'TR', 12, 0, 0),
('12040296', 'AIKEN EVAN WIGHNANTAKA', 'YOGYAKARTA', '0000-00-00', 'TA', 12, 0, 0),
('12040304', 'ADITYA ANWAR NASUTION', 'BANYUWANGI', '0000-00-00', 'TR', 12, 0, 0),
('12040339', 'HUBERTUS HARDI U. L. DAMANAHU', 'KATIKU LOKU', '0000-00-00', 'TA', 12, 0, 0),
('12040366', 'INGE SETIYANI SAGITA', 'MAGELANG', '0000-00-00', 'TR', 12, 0, 0),
('12040372', 'EWILSON PALA''LANGAN', 'SOROWAKO', '2003-08-16', 'TA', 12, 0, 0),
('12050390', 'ASA HERWIN WILIAN', 'SURAKARTA', '0000-00-00', 'TR', 12, 0, 0),
('12050392', 'CHRISTY FERDIAN SILVANO', 'BANYUWANGI', '0000-00-00', 'TA', 12, 0, 0),
('12050397', 'IRFAN ADI KRISTANTO', 'TEMANGGUNG', '0000-00-00', 'TR', 12, 0, 0),
('12050399', 'LEIMAN HATYONO', 'MEDAN', '0000-00-00', 'TR', 12, 0, 0),
('12050402', 'DEVI ELASTIKA', 'METRO, LAMPUNG', '0000-00-00', 'TR', 12, 0, 0),
('12050403', 'SARAH HERTA UTAMI', 'YOGYAKARTA', '0000-00-00', 'TR', 12, 0, 0),
('12050412', 'ANGGA HIMAWAN', 'YOGYAKARTA', '0000-00-00', 'TS', 12, 0, 0),
('12050430', 'JOHANNES SILALAHI', 'PADANGSEDEMPUAN', '0000-00-00', 'TS', 12, 0, 0),
('12050432', 'NELCE R. N. RAMANDEY', 'SERUI', '0000-00-00', 'AS', 12, 0, 0),
('12050442', 'HERLAMBANG DEAR LAKSANA', 'SERANG', '0000-00-00', 'TR', 12, 0, 0),
('12060466', 'FANY KURNIAWAN', 'BENGKULU', '0000-00-00', 'TA', 12, 0, 0),
('12060469', 'YUDI HANDOKO', 'SEMARANG', '0000-00-00', 'TA', 12, 0, 0),
('12060472', 'VENDRA STEPHANO KUSWINTORO', 'KEBUMEN', '0000-00-00', 'TR', 12, 0, 0),
('12060476', 'DAVID RADE MANAT SIMAJUNTAK', 'PALANGKARAYA', '0000-00-00', 'TA', 12, 0, 0),
('12060477', 'AGUS SETIAWAN TARUNA', 'SEMARANG', '0000-00-00', 'TR', 12, 0, 0),
('12060481', 'SECUNDUS PRIMUS', 'SAMARINDA', '0000-00-00', 'TA', 12, 0, 0),
('12060489', 'MARLON DAVID TITIHERU', 'AMBON', '0000-00-00', 'TR', 12, 0, 0),
('12060490', 'TIMOTIUS YUDHI KRISTY', 'MAGELANG', '0000-00-00', 'TA', 12, 0, 0),
('12060496', 'FERNANDO DEVIAN', 'SAMARINDA', '0000-00-00', 'TA', 12, 0, 0),
('12060499', 'MERY', 'JAMBI', '0000-00-00', 'TA', 12, 0, 0),
('12060501', 'DAVI SUGIYANTO', 'YOGYAKARTA', '0000-00-00', 'TR', 12, 0, 0),
('12060502', 'MANURUN LONDONG ALLO', 'BALIKPAPAN', '0000-00-00', 'TA', 12, 0, 0),
('12060507', 'SONYA DESTARIA S', 'KLATEN', '0000-00-00', 'TR', 12, 0, 0),
('12060509', 'TRI NUGRAHA ERLANGGA S.', 'JAKARTA', '0000-00-00', 'TA', 12, 0, 0),
('12070513', 'HANDY SETIAWAN', 'MAELANG', '0000-00-00', 'TR', 12, 0, 0),
('12070515', 'ANDHIKA ARISMAWAN P', 'MAMUJU', '0000-00-00', 'TA', 12, 0, 0),
('12070517', 'MARTINUS BUDIANTO', 'TEGAL', '0000-00-00', 'TA', 12, 0, 0),
('12070526', 'FERRY SETIAWAN', 'MADIUN', '0000-00-00', 'TA', 12, 0, 0),
('12070535', 'DWI PUTRI DINI WIDYASTUTI', 'PALANGKARAYA', '0000-00-00', 'TA', 12, 0, 0),
('12070537', 'ADITYA PRATAMA SENDORO', 'CIREBON', '0000-00-00', 'TA', 12, 0, 0),
('12070538', 'RAYI SHAKANEKI', 'YOGYAKARTA', '0000-00-00', 'TA', 12, 0, 0),
('12070546', 'ARUM SARI KUSUMA WICITRA', 'YOGYAKARTA', '0000-00-00', 'TA', 12, 0, 0),
('12070557', 'FURIDA AGUSTINA SIMATUPANG', 'SORONG', '0000-00-00', 'TA', 12, 0, 0),
('12070559', 'DAVID BRAIN KASIDY MARPAUNG', 'TEBING TINGGI', '0000-00-00', 'TA', 12, 0, 0),
('12070560', 'STIVEN TJUNG', 'DILI', '0000-00-00', 'TR', 12, 0, 0),
('12070561', 'TJOA HENDRY OCTAVIANUS', 'BALIKPAPAN', '0000-00-00', 'TR', 12, 0, 0),
('12070569', 'WANNER RIO PANJAITAN', 'JAKARTA', '0000-00-00', 'TS', 12, 0, 0),
('12070571', 'FRANSISCO BORGIA BERNADO', 'TEGAL', '0000-00-00', 'TR', 12, 0, 0),
('12080584', 'ANDREYAS CHRISTIYANTO', 'PEMALANG', '0000-00-00', 'TR', 12, 0, 0),
('12080591', 'BOBY SUSANTO', 'BANDUNG', '0000-00-00', 'TR', 12, 0, 0),
('12080599', 'CHRISTIAN TRI NUGRAHANTO', 'YOGYAKARTA', '0000-00-00', 'TY', 12, 0, 0),
('12080604', 'NUR ARIYANTI', 'PURWOREJO', '0000-00-00', 'TY', 12, 0, 0),
('12080608', 'SUPRAPTO', 'GUNUNGKIDUL', '0000-00-00', 'CS', 12, 0, 0),
('12080612', 'ESTER DIAN NOVIANA', 'PURWOREJO', '0000-00-00', 'AY', 12, 0, 0),
('12080635', 'CANY SEPTIANA DEWI', '', '0000-00-00', 'TY', 12, 0, 0),
('12080639', 'SENDA YUNITA TOUWE', 'AMBON', '0000-00-00', 'TA', 12, 0, 0),
('12080650', 'NEMESIO DELGADO DOS SANTOS E', '', '0000-00-00', 'TR', 12, 0, 0),
('12080652', 'AKWILA SULISTYAWAN SUMBODO', 'YOGYAKARTA', '0000-00-00', 'AR', 12, 0, 0),
('12080661', 'JANNIKE MARLY SAHERTIAN', 'SORONG', '0000-00-00', 'TR', 12, 0, 0),
('12090671', 'BILY INDARTO PUJI SANTOSA', 'DOMPU', '0000-00-00', 'TS', 12, 0, 0),
('12090673', 'ANASTASIA YULIASARI', 'WONOGIRI', '0000-00-00', 'TY', 12, 0, 0),
('12090683', 'FRANCISCA WAHYU RUDHITA', 'KULON PROGO', '0000-00-00', 'AS', 12, 0, 0),
('12090687', 'MARINA SANTI DEWI', 'PURWOKERTO', '0000-00-00', 'TR', 12, 0, 0),
('12090690', 'ANDI BAYU PRABOWO', 'BANTUL', '0000-00-00', 'TY', 12, 0, 0),
('12090692', 'PERMATASARI', 'KARANGANYAR', '0000-00-00', 'AY', 12, 0, 0),
('12090702', 'FENDY SUSANTO', 'PURWOKERTO', '0000-00-00', 'TR', 12, 0, 0),
('12090703', 'MATHIAS CESAR', 'SURAKARTA', '0000-00-00', 'TR', 12, 0, 0),
('12090705', 'PRISESALDY DENI KURNIAWAN', 'YOGYAKARTA', '0000-00-00', 'AR', 12, 0, 0),
('12090706', 'ITUS INDRA MULYANGGA', 'PEKALONGAN', '0000-00-00', 'AR', 12, 0, 0),
('12090707', 'ANALISMAN ZAI', 'HILIOTALUA', '0000-00-00', 'TR', 12, 0, 0),
('12090715', 'RIAN INDRA PRABOWO', 'MANOKWARI', '0000-00-00', 'TR', 12, 0, 0),
('12090721', 'SONNY CHRYSANDY HERSANTO', 'SURAKARTA', '0000-00-00', 'TR', 12, 0, 0),
('12090725', 'MANUEL MATURINO PIRES', 'TIMOR LESTE', '0000-00-00', 'TA', 12, 0, 0),
('12090731', 'PRISKA FILOLOGUS HOMER', 'MANOKWARI', '0000-00-00', 'TR', 12, 0, 0),
('12090733', 'FREDI ELYESER', 'PACITAN', '0000-00-00', 'TJ', 12, 0, 0),
('12090735', 'OKTAVIAN ENGGAR PARURA', 'PALU', '0000-00-00', 'TR', 12, 0, 0),
('12100740', 'DICK EUGENIA PURBA', 'PEMATANGSIANTAR', '0000-00-00', 'TJ', 12, 0, 0),
('12100746', 'RENDI ASWARI', 'PALANGKARAYA', '0000-00-00', 'AR', 12, 0, 0),
('12100750', 'SITI SUMAWAR AYU AN', 'TEMANGGUNG', '0000-00-00', 'TR', 12, 0, 0),
('12100754', 'DENNY NOPRYANTO HARTONO', 'PEKALONGAN', '0000-00-00', 'AR', 12, 0, 0),
('12100760', 'EDWIN HARTANTO', 'PURBALINGGA', '0000-00-00', 'AR', 12, 0, 0),
('12100762', 'OKKY ANTON WIJAYA', 'KLATEN', '0000-00-00', 'AR', 12, 0, 0),
('12100763', 'JAMMES', 'PALU', '0000-00-00', 'TS', 12, 0, 0),
('12100766', 'SANTI', 'PEMANGKAT', '0000-00-00', 'TR', 12, 0, 0),
('12100769', 'RENDY ADHIKA L TOBING', 'PALU SILAWESI TENGAH', '0000-00-00', 'TR', 12, 0, 0),
('12100770', 'SIMON ELIS URBON', 'SORONG', '0000-00-00', 'AR', 12, 0, 0),
('12100777', 'ANDREW FERANDES ANTOH', 'JAYAPURA', '0000-00-00', 'AR', 12, 0, 0),
('12100778', 'MARIUS PENG MITANG', 'MALAWATAR', '0000-00-00', 'TR', 12, 0, 0),
('12100781', 'ROBEN EKLISIA MARGIONO', 'PANJI REJO', '0000-00-00', 'TR', 12, 0, 0),
('12100790', 'AMANDO CRISTOVAO TITI', 'LOSPALOS', '0000-00-00', 'T', 12, 0, 0),
('12100799', 'DEDI SILVA SINULINGGA', 'TIGABINANGA', '0000-00-00', 'AJ', 12, 0, 0),
('12110003', 'AUGUSTO DA SILVA  ALMEIDA F', 'BAUCAU TIMOR LESTE', '0000-00-00', 'AR', 12, 0, 0),
('12110016', 'DINARI ANINDITYA PUTRI', 'TAKALAR', '0000-00-00', 'TR', 12, 0, 0),
('12110023', 'PRATOMO EDY NUGROHO', 'BANTUL', '0000-00-00', 'TR', 12, 0, 0),
('12110034', 'OBBY TANGKUDUNG', 'MANOKWARI', '0000-00-00', 'TR', 12, 0, 0),
('12110035', 'YOHANES SETIYANTO', 'PURWOREJO', '0000-00-00', 'AS', 12, 0, 0),
('12110054', 'DEWI SARTIKA MALAU', 'KANDIS RIAU', '0000-00-00', 'TR', 12, 0, 0),
('12110055', 'JOSUA S. PURBA', 'PEMATANG SIANTAR', '0000-00-00', 'TR', 12, 0, 0),
('12120012', 'RIBKA ELIZABETH', 'PURWOREJO', '0000-00-00', 'T', 12, 0, 0),
('12120015', 'THERESIA AGNES AVILLA', 'PURWOKERTO', '0000-00-00', 'A', 12, 0, 0),
('12120016', 'JOSEPHINA MARDIATI', 'JEMBER', '0000-00-00', 'T', 12, 0, 0),
('12120023', 'SAMUEL ELLYAS JAPSENANG', 'SORONG', '0000-00-00', 'A', 12, 0, 0),
('12120026', 'ODNEL NOVERI', 'SUNGAI URANG', '0000-00-00', 'T', 12, 0, 0),
('12120032', 'MARCHELINO R. KOWI SAROY', 'NABIRE', '0000-00-00', 'CS', 12, 0, 0),
('12120035', 'DESSY DIANA YOKHU', 'TIMIKA', '0000-00-00', 'A', 12, 0, 0),
('12120038', 'TORANG MEIHARD P S', 'MERAUKE', '0000-00-00', 'TS', 12, 0, 0),
('12120039', 'ALFREDO IVAN PRAMBUDI', '', '0000-00-00', 'A', 12, 0, 0),
('12120041', 'SUCI HARDIANTI', 'MAGELANG', '0000-00-00', 'T', 12, 0, 0),
('12120043', 'SARA FANILDA KAMBU', 'SORONG', '0000-00-00', 'A', 12, 0, 0),
('12120046', 'CHRISTIAN ADE WOHANGARA', 'ELOPADA', '0000-00-00', 'AR', 12, 0, 0),
('12120047', 'EVY DAMAYANTI PUJI UTAMI', 'YOGYAKARTA', '0000-00-00', 'A', 12, 0, 0),
('12120048', 'BERLINDA JEMPORMASE', 'ARMA', '0000-00-00', 'TS', 12, 0, 0),
('12120050', 'JORDAN EFRATA LAWOLIYO P', 'BANGIL', '0000-00-00', 'A', 12, 0, 0),
('12120051', 'YOSALO EDITO DAVID', 'ATAMBUA', '0000-00-00', 'AS', 12, 0, 0),
('12120053', 'GALIO FERNANDO MOBILALA', 'BINTUNI', '0000-00-00', 'TS', 12, 0, 0),
('12120055', 'SYLVIA CHRISNATHALIA F', 'SLEMAN', '0000-00-00', 'TS', 12, 0, 0),
('12120061', 'AFRIN DE MILLON', 'PALANGKARAYA', '0000-00-00', 'T', 12, 0, 0),
('12120063', 'NOVITA THIEN SUHARTI SALOSSA', 'JAYAPURA', '0000-00-00', 'AS', 12, 0, 0),
('12120064', 'EDI SUSANTO', 'NANGA PINOH', '0000-00-00', 'A', 12, 0, 0),
('12120065', 'RAHMAYANI GUFUR', 'KAPOA', '0000-00-00', 'A', 12, 0, 0),
('12120066', 'BELLAVENIA E. P. WALEWANGKO', 'MAKASSAR', '0000-00-00', 'AS', 12, 0, 0),
('12120070', 'ITA OKTAVIA MAMBRASAR', 'JAKARTA', '0000-00-00', 'T', 12, 0, 0),
('12120071', 'ERIC ARNEL', 'UJUNG PANDANG', '0000-00-00', 'A', 12, 0, 0),
('12120072', 'MASTAN SANTOSO MANIK', 'TAPAK TUAN', '0000-00-00', 'A', 12, 0, 0),
('12120073', 'FERNANDO PELAWI', 'MEDAN', '0000-00-00', 'A', 12, 0, 0),
('12120074', 'JOHN MORESBY TAFOR', 'JAYAPURA', '0000-00-00', 'CS', 12, 0, 0),
('12120075', 'YONATHAN LISA SUSANTI', 'GEDUNG AJI', '0000-00-00', 'TR', 12, 0, 0),
('12120076', 'VONNI SURUAN', 'SORONG', '0000-00-00', 'T', 12, 0, 0),
('12130001', 'INEZ DWINDAPUTRI JUNARKO', 'YOGYAKARTA', '0000-00-00', 'AR', 12, 0, 0),
('12130002', 'BENVINDA MARIA VITORIA', 'IRA-ARA', '0000-00-00', 'AR', 12, 0, 0),
('12130003', 'HENRY SURYA SADANA', 'YOGYAKARTA', '0000-00-00', 'AR', 12, 0, 0),
('12130005', 'DIAN RATNA SARI', 'SINTANG', '0000-00-00', 'AR', 12, 0, 0),
('12130008', 'NOVELINDA PERMATA SARI', 'SLEMAN', '0000-00-00', 'TR', 12, 0, 0),
('12130009', 'IVANDER MANUEL SIRAIT', 'JAYAPURA', '0000-00-00', 'TR', 12, 0, 0),
('12130010', 'HAWI NATALIE PANGALISNI', 'BUNTOK', '0000-00-00', 'TR', 12, 0, 0),
('12130011', 'CHRISTANTI NEVITA SARI', 'YOGYAKARTA', '0000-00-00', 'AR', 12, 0, 0),
('12130012', 'NICHEL STEFI TANDOAPU', 'PALU', '0000-00-00', 'AR', 12, 0, 0),
('12130013', 'RUTTENCIA TAMPOLI', 'TAHUNA', '0000-00-00', 'TR', 12, 0, 0),
('12130014', 'CHRISTIAN THEOFILIO LUDJI', 'BENGKULU', '0000-00-00', 'AR', 12, 0, 0),
('12130016', 'DESY FRANCYSCA GINTING', 'BEKASI', '0000-00-00', 'AR', 12, 0, 0),
('12130017', 'ERWIN YOHANES DARMA PUTRA', 'BAUCAU', '0000-00-00', 'AR', 12, 0, 0),
('12130018', 'BELLA CHRISTINA RIYANTO', 'PEKALONGAN', '0000-00-00', 'AR', 12, 0, 0),
('12130019', 'CHRISTO MAURITS KOLO', 'TENTENA', '0000-00-00', 'AR', 12, 0, 0),
('12130020', 'KARINA SINTIA RUMBANG', 'PALANGKARAYA', '0000-00-00', 'AR', 12, 0, 0),
('12130021', 'RIYOH SEPTIAN BARANSANO', 'BIAK', '0000-00-00', 'AR', 12, 0, 0),
('12130023', 'YANUAR WAHYU BASKORO', 'CILACAP', '0000-00-00', 'AR', 12, 0, 0),
('12130024', 'JONATHAN TITO BRAMANTYO', 'JAKARTA', '0000-00-00', 'AR', 12, 0, 0),
('12130025', 'KRISTA ENNY SIHOTANG', 'TARAKAN', '0000-00-00', 'AS', 12, 0, 0),
('12130026', 'IAN APRIANTO MURMANA', 'NABIRE', '0000-00-00', 'AS', 12, 0, 0),
('12130027', 'WILHELMINA JACKLIN PRICILLIA L', 'WAIKABUBAK', '0000-00-00', 'TR', 12, 0, 0),
('12130028', 'SAM LIE', 'SINGKAWANG', '0000-00-00', 'AS', 12, 0, 0),
('12130031', 'LIANDA REMIMARCH PIERITSZ', 'AMBON', '0000-00-00', 'AR', 12, 0, 0),
('12130033', 'ENGGELINA KERLOLOLY', 'IMROING-MALUKU', '0000-00-00', 'AS', 12, 0, 0),
('12130035', 'JESICA ELVA SIAGIAN', 'BALIKPAPAN', '0000-00-00', 'AR', 12, 0, 0),
('12130038', 'CLARISSA RANTE PONIPADANG', 'TANA TORAJA', '0000-00-00', 'AR', 12, 0, 0),
('12130040', 'NATALIE RARANILA SUNLOY', 'AMBON', '0000-00-00', 'TR', 12, 0, 0),
('12130044', 'DEANY CHRISTOPHER YOSLIN', 'MERAUKE', '0000-00-00', 'AR', 12, 0, 0),
('12130046', 'HENRY YOHANIS PALLOAN', 'KENDARI', '0000-00-00', 'AR', 12, 0, 0),
('12130047', 'ADITYA ANWAR NASUTION', 'BANYUWANGI', '0000-00-00', 'T', 12, 0, 0),
('12130048', 'RIKA PRATIWA BR. KARO', 'MEDAN', '0000-00-00', 'A', 12, 0, 0),
('12140001', 'VIRGINIA YOHANNA SETIAWAN', 'YOGYAKARTA', '0000-00-00', 'AR', 12, 0, 0),
('12140002', 'MARGARETA', 'MEMDAWAH', '0000-00-00', 'AR', 12, 0, 0),
('12140003', 'ELLEN RATNASARI', 'TEMANGGUNG', '0000-00-00', 'AR', 12, 0, 0),
('12140005', 'PUTRI FAJARINA KALAWULAN', 'JAKARTA', '0000-00-00', 'AR', 12, 0, 0),
('12140006', 'EDWAR EKA HARAP', 'KUALA KURUN', '0000-00-00', 'AR', 12, 0, 0),
('12140007', 'AMOS ROBERTH JAPSENANG', 'SORONG', '0000-00-00', 'AR', 12, 0, 0),
('12140008', 'PORSETA WIDHADHARI', 'BANTUL', '0000-00-00', 'AR', 12, 0, 0),
('12140009', 'ANGELIA FITRIA PUTRI', 'YOGYAKARTA', '0000-00-00', 'AR', 12, 0, 0),
('12140010', 'FRANSISKUS XAVERIUS LOBYA', 'JAYAPURA', '0000-00-00', 'AR', 12, 0, 0),
('12140011', 'KRISTIANINDA KARINA ANINDITYA', 'YOGYAKARTA', '0000-00-00', 'AR', 12, 0, 0),
('12140012', 'CINDY FRANSISCA', 'ANAMBAS', '0000-00-00', 'AR', 12, 0, 0),
('12140013', 'MALVIN SALIM', 'PALEMBANG', '0000-00-00', 'AR', 12, 0, 0),
('12140014', 'DELILA EKA RATNANINGSIH', 'LAMPUNG TENGAH', '0000-00-00', 'AR', 12, 0, 0),
('12140015', 'ASA AGNIDITA', 'YOGYAKARTA', '0000-00-00', 'AR', 12, 0, 0),
('12140016', 'ALLMENDO CHRISTIAN RUHULESSIN', 'AMBON', '0000-00-00', 'AR', 12, 0, 0),
('12140017', 'RENNY RUSMADAYANTI', 'MUARA TEWEH', '0000-00-00', 'AR', 12, 0, 0),
('12140018', 'GHEA ANGELINE THENIUS', 'SUBANG', '0000-00-00', 'AR', 12, 0, 0),
('12140019', 'EVI SUSANTI', 'KETAPANG', '0000-00-00', 'AR', 12, 0, 0),
('12140020', 'INTAN S. R. SEDU OYI', 'WAIKABUBAK', '0000-00-00', 'AR', 12, 0, 0),
('12140021', 'HERKI UTAMA P. SATU', 'KUALA KAPUAS', '0000-00-00', 'TR', 12, 0, 0),
('12140022', 'YOHANA ANGGRENI TITA HABA', 'WAITABULA', '0000-00-00', 'AR', 12, 0, 0),
('12140023', 'ANTONIUS FREDY SUHENDRA', 'MAUMERE', '0000-00-00', 'AR', 12, 0, 0),
('12140024', 'HARDY SUTANTO', 'PADANG', '0000-00-00', 'AR', 12, 0, 0),
('12140025', 'YUNITA MAHEMBA', 'BONDO KODI', '0000-00-00', 'AR', 12, 0, 0),
('12140026', 'ADMIRANTI CAROLINE PETROF', 'MAMUYA', '0000-00-00', 'TR', 12, 0, 0),
('12140027', 'GRACE TIKA ADELA BOTARA', 'APULEA', '0000-00-00', 'TR', 12, 0, 0),
('12140028', 'MARFINO MALFIN DAMARJANAN', 'DANGARAT', '0000-00-00', 'AR', 12, 0, 0),
('12140029', 'SEPTHIVIA MARHADITHA', 'YOGYAKARTA', '0000-00-00', 'AR', 12, 0, 0),
('12140030', 'WIJAYANTI M KONDA', 'BALOSO', '0000-00-00', 'AR', 12, 0, 0),
('12140031', 'MEGA RIKA', 'SINGKAWANG', '0000-00-00', 'AR', 12, 0, 0),
('12140032', 'RISKI NATA MANTOLU', 'PALU', '0000-00-00', 'AR', 12, 0, 0),
('12140033', 'SANDRA GALUH ASMARAWATI', 'KLATEN', '0000-00-00', 'AR', 12, 0, 0),
('12140034', 'TIKO SANTANA', 'YOGYAKARTA', '0000-00-00', 'TR', 12, 0, 0),
('12140035', 'JEREMI FEBRIAN ALVONS', 'MANOKWARI', '0000-00-00', 'AR', 12, 0, 0),
('12140036', 'YUYUN KUSUMAWARDANI', 'SOE', '0000-00-00', 'TR', 12, 0, 0),
('12140037', 'VINSENSIA RAHADY', 'WONOGIRI', '0000-00-00', 'AR', 12, 0, 0),
('12140038', 'MUTIARA PALULLUNGAN', 'RANTEPAO', '0000-00-00', 'AR', 12, 0, 0),
('12140039', 'GHELY OKTAVIANES', 'BANYUWANGI', '0000-00-00', 'AR', 12, 0, 0),
('12140040', 'RACHEL ANGELLA PELLE', 'TANGERANG', '0000-00-00', 'AR', 12, 0, 0),
('12140041', 'GILROY HEBERT RITA', 'UJUNGPANDANG', '0000-00-00', 'CS', 12, 0, 0),
('12140042', 'CHRISTY DANY TALLANE', 'AMBON', '0000-00-00', 'TS', 12, 0, 0),
('12140043', 'MARIA RANI', 'BEKASI', '0000-00-00', 'AR', 12, 0, 0),
('12140044', 'ALDO RINALDY SIHOTANG', 'TARAKAN', '0000-00-00', 'AR', 12, 0, 0),
('12140045', 'EVITA RENITA N. M', 'AMBON', '0000-00-00', 'AS', 12, 0, 0),
('12140046', 'JOICE HERMIN DJILOY', 'PALU', '0000-00-00', 'TR', 12, 0, 0),
('12140047', 'ZELIN RESIANA', 'KUALA PEMBUANG', '0000-00-00', 'AR', 12, 0, 0),
('12140048', 'NOVITA SARI GINTING', 'TANJUNG RAJA', '0000-00-00', 'AR', 12, 0, 0),
('12140049', 'ARIHONTONI GULTOM', 'KAMPUNG BATU', '0000-00-00', 'AR', 12, 0, 0),
('12140050', 'YORDAN YUSAK', 'RANTEPAO', '0000-00-00', 'AR', 12, 0, 0),
('12140051', 'RINDU ELFRIDA RINGO-RINGO', 'CILACAP', '0000-00-00', 'TR', 12, 0, 0),
('12140052', 'YOHANA FELISBELLA RYSZE', 'SERANG', '0000-00-00', 'AR', 12, 0, 0),
('12140053', 'ROBINSON NAINGGOLAN', 'MEDAN', '0000-00-00', 'AR', 12, 0, 0),
('12140054', 'RIMBA A PUTRI TARUK LALLO', 'PALOPO', '0000-00-00', 'TR', 12, 0, 0),
('12140055', 'JESSICA JOSEPHINE DAWOLO', 'GUNUNGSITOLI', '0000-00-00', 'AS', 12, 0, 0),
('12140056', 'BELLA GABRIELLA BATOSAU', 'TIMIKA', '0000-00-00', 'AR', 12, 0, 0),
('12140057', 'VERNANDA VIVIAN JUWITA SARI', 'KARANGANYAR', '0000-00-00', 'AR', 12, 0, 0),
('12140058', 'CHYNTIA Z.C. MANURUNG', 'MAJENE', '0000-00-00', 'AR', 12, 0, 0),
('12140059', 'MEYLISTHA WIDYA PUSPITASARI', 'METRO', '0000-00-00', 'AR', 12, 0, 0),
('12140060', 'KEVIN BELLITO RUUD PASARIBU', 'CILACAP', '0000-00-00', 'AR', 12, 0, 0),
('12140061', 'HARSINTA DWINAR RISKYANTI', 'UJUNG PANDANG', '0000-00-00', 'AR', 12, 0, 0),
('12140062', 'ERICK EDGAR KALOKO', 'SIDIKALANG', '0000-00-00', 'AR', 12, 0, 0),
('12140063', 'DEVIE AGUSTIN YOKU', 'SENTANI', '0000-00-00', 'AR', 12, 0, 0),
('12140064', 'NATHASYA LAHURA', 'YOGYAKARTA', '0000-00-00', 'CS', 12, 0, 0),
('12150001', 'EUNIKE YUNIAR RAHARJO', 'YOGYAKARTA', '0000-00-00', 'A', 12, 0, 0),
('12150002', 'NOVIA LARISSA WIJAYA', 'PONOROGO', '0000-00-00', 'A', 12, 0, 0),
('12150003', 'REZA PERMANA PUTRA', 'BALIKPAPAN', '0000-00-00', 'A', 12, 0, 0),
('12150004', 'NATANIA DESSYANDI SUSANTO', 'JAMBI', '0000-00-00', 'T', 12, 0, 0),
('12150005', 'YEHEZKIEL RIVALDO WIJAYA', 'KUDUS', '0000-00-00', 'A', 12, 0, 0),
('12150006', 'KEVIN ARIF SETIAWAN', 'YOGYAKARTA', '0000-00-00', 'A', 12, 0, 0),
('12150007', 'DERRY KARUNIA PUTRA', 'PALANGKA RAYA', '0000-00-00', 'A', 12, 0, 0),
('12150009', 'DINA HARTONO', 'MAGELANG', '0000-00-00', 'A', 12, 0, 0),
('12150010', 'ARIEN SABRINA SICILLYA', 'JOMBANG', '0000-00-00', 'A', 12, 0, 0),
('12150011', 'AVERINA MARIA YOSIANI', 'YOGYAKARTA', '0000-00-00', 'A', 12, 0, 0),
('12150013', 'SHERLY OKTAVIA PURNOMO', 'MAGELANG', '0000-00-00', 'A', 12, 0, 0),
('12150014', 'ANGELA YOHANA HISTYANINGTYAS', 'SEMARANG', '0000-00-00', 'A', 12, 0, 0),
('12150015', 'ANGELIN MEIVAN LEATOMU', 'AMBON', '0000-00-00', 'A', 12, 0, 0),
('12150016', 'FILIPUS ANDREY PRIMA PETERSY', 'YOGYAKARTA', '0000-00-00', 'A', 12, 0, 0),
('12150017', 'STIVEN HERMAN MURMANA', 'NABIRE', '0000-00-00', 'A', 12, 0, 0),
('12150018', 'IDA NURMAYASARI', 'RIAU', '0000-00-00', 'A', 12, 0, 0),
('12150019', 'CINDY GLORIA EMPING', 'AMBON', '0000-00-00', 'A', 12, 0, 0),
('12150020', 'ANGELINA DEVI AYUNINGTYAS', 'PALEMBANG', '0000-00-00', 'A', 12, 0, 0),
('12150021', 'YUDHI JOEY FEQI YUNUS', 'UJUNG PANDANG', '0000-00-00', 'A', 12, 0, 0),
('12150022', 'MARIA FATIMA ADVENSIANA SINA', 'ENDE', '0000-00-00', 'A', 12, 0, 0),
('12150023', 'PAULUS KURNIAWAN PURNOMO', 'YOGYAKARTA', '0000-00-00', 'A', 12, 0, 0),
('12150024', 'MARION NONI BOSAWER', 'JAYAPURA', '0000-00-00', 'A', 12, 0, 0),
('12150025', 'VINCENCIUS HARLI BIMA SANJAYA', 'SORONG', '0000-00-00', 'A', 12, 0, 0),
('12150026', 'SHIANNY SIMADHINATA', 'JAKARTA', '0000-00-00', 'A', 12, 0, 0),
('12150027', 'DASIMAH SIMANJUNTAK', 'MERAUKE', '0000-00-00', 'A', 12, 0, 0),
('12150028', 'DITA MARIANA TOBING', 'SORONG', '0000-00-00', 'A', 12, 0, 0),
('12150030', 'RINING EFENDI', 'BATU LINDING', '0000-00-00', 'A', 12, 0, 0),
('12150032', 'MEGA ANES MEIRIZHA PATANDUK', 'RANTEPAO', '0000-00-00', 'A', 12, 0, 0),
('12150033', 'CLAUDYA CRISTIE TUMINTING', 'MANADO', '0000-00-00', 'A', 12, 0, 0),
('12150034', 'ROSMITA HALENA RUMENGAN', 'WAMENA', '0000-00-00', 'AS', 12, 0, 0),
('12150035', 'INDAH MARDINA LONDORAN', 'TAHUNA', '0000-00-00', 'A', 12, 0, 0),
('12150036', 'MELVIN ZET SIFATA', 'LAHA SERANI', '0000-00-00', 'A', 12, 0, 0),
('12150037', 'AYUB DINGA MARAWALI', 'GOLLU POTO', '0000-00-00', 'A', 12, 0, 0),
('12150038', 'MEIVER RIHARD KARUNDENG', 'MANGARAN', '0000-00-00', 'A', 12, 0, 0),
('12150040', 'JANIA DO ROSARIO VITAL MOREIRA', 'DILI', '0000-00-00', 'A', 12, 0, 0),
('12150041', 'YOHANA WETAPO', 'WAMENA', '0000-00-00', 'T', 12, 0, 0),
('12150042', 'BENEDIKTUS YUDA SAPUTRA MALI', 'YOGYAKARTA', '0000-00-00', 'A', 12, 0, 0),
('12150044', 'HENNY NOSARINA SESA', 'SENTANI', '0000-00-00', 'A', 12, 0, 0),
('12150045', 'BENNY MAROJAHAN SIMANJUNTAK', 'NABIRE', '0000-00-00', 'A', 12, 0, 0),
('12150046', 'LEONEL MARIA LU', 'BAUCAU', '0000-00-00', 'A', 12, 0, 0),
('12150047', 'ERIC TOBAN', 'TANJUNG REDEB', '0000-00-00', 'A', 12, 0, 0),
('12150048', 'YUSTINA YUNI UNTARI', 'PRABUMULIH', '0000-00-00', 'A', 12, 0, 0),
('12150050', 'BENEDIKTA YULIANA LEKI', 'BESIKAMA', '0000-00-00', 'A', 12, 0, 0),
('12150051', 'MARIA MAGDALENA DUARMAS', 'AMBON', '0000-00-00', 'A', 12, 0, 0),
('12150052', 'YOSIA SEMBIRING PELAWI', 'KABANJAHE', '0000-00-00', 'T', 12, 0, 0),
('12150053', 'FENI PEBRIANI PRISKA', 'MARAU', '0000-00-00', 'A', 12, 0, 0),
('12150054', 'CINTHIA VALENTINE RAHAJAAN', 'TUAL', '0000-00-00', 'A', 12, 0, 0),
('12150055', 'ANDRY PUTRA LEBA MUDE', 'WAIKABUBAK', '0000-00-00', 'A', 12, 0, 0),
('12150056', 'SURI CAROLINE BURDAM', 'YOGYAKARTA', '0000-00-00', 'A', 12, 0, 0),
('12150058', 'MARIA SEWENG', 'WATU ALO', '0000-00-00', 'A', 12, 0, 0),
('12150059', 'MARIA FATIMA RIANY KASIMO', 'RUTENG', '0000-00-00', 'A', 12, 0, 0),
('12150060', 'RAWAT SETIAWAN TULOY', 'LUWUK', '0000-00-00', 'CS', 12, 0, 0),
('12150061', 'GUIDELIA SUMANDRIANA BORDIN', 'PATENG', '0000-00-00', 'A', 12, 0, 0),
('12150062', 'BRIGITTA DWI SAPUTRI', 'KLATEN', '0000-00-00', 'A', 12, 0, 0),
('12150063', 'REGMY JASISKA NGGADAS', 'OELASIN', '0000-00-00', 'A', 12, 0, 0),
('12150064', 'OKTAVIANA HERTANTI', 'YOGYAKARTA', '0000-00-00', 'A', 12, 0, 0),
('12150065', 'AGUNG BERJERMY AMALELE ATE', 'BAJAWA', '0000-00-00', 'A', 12, 0, 0),
('12150066', 'YENNIFER', 'PONTIANAK', '0000-00-00', 'A', 12, 0, 0),
('12150067', 'RAVAELA AMBA MASIKU', 'BOKIN', '0000-00-00', 'A', 12, 0, 0),
('12150068', 'NATALIA CLAUDYA PATTYMUSEN', 'BIAK', '0000-00-00', 'T', 12, 0, 0),
('12150069', 'KRISNAWATI GRACE TOTTING', 'RANTEPAO', '0000-00-00', 'A', 12, 0, 0),
('12150070', 'DONNY ANDIRA SIHOMBING', 'TANJUNG ENIM', '0000-00-00', 'A', 12, 0, 0),
('12150071', 'GRACE FLORENSIA MASAMBA''', 'KARASSIK', '0000-00-00', 'A', 12, 0, 0),
('12150072', 'DAIEANA TERESSA LIPTIAY', 'ABEPURA', '0000-00-00', 'A', 12, 0, 0),
('12150073', 'GALUH YULIAN SAPUTRO', 'YOGYAKARTA', '0000-00-00', 'A', 12, 0, 0),
('12150074', 'DANIEL ISAK S. R.', 'KAIMANA', '0000-00-00', 'T', 12, 0, 0),
('12150075', 'BELLA FLORENSIA', 'MANDOMAI', '0000-00-00', 'A', 12, 0, 0),
('12150076', 'SUWASTI OKTAVIA PAMANGIN', 'DILI', '0000-00-00', 'A', 12, 0, 0),
('12150077', 'DANIELLA CLARA PAPILAYA', 'AMBON', '0000-00-00', 'A', 12, 0, 0),
('12150078', 'YANNI STEVANUS KORUA', 'TOMOHON', '0000-00-00', 'AS', 12, 0, 0),
('12150080', 'FEBRI NOPITA MALA SITOMPUL', 'LAWE PERBUNGA', '0000-00-00', 'A', 12, 0, 0),
('12150082', 'RIANDO MANIHURUK', 'KEBUMEN', '0000-00-00', 'T', 12, 0, 0),
('12150083', 'ELDA ERA KRISTIN', 'MEMBANG MUDA', '0000-00-00', 'A', 12, 0, 0),
('12150084', 'DANIELO RAM NAA', 'TIMIKA', '0000-00-00', 'A', 12, 0, 0),
('12150085', 'EDWARDO JAUHARY', 'CURUP', '0000-00-00', 'A', 12, 0, 0),
('12150086', 'RIMA NELLA VITA', 'NABIRE', '0000-00-00', 'A', 12, 0, 0),
('12150087', 'DERA RIBKA RAHJASA', 'DILI', '0000-00-00', 'A', 12, 0, 0),
('12150088', 'INTAN PERMATASARI', 'SUKOHARJO', '0000-00-00', 'A', 12, 0, 0),
('12150089', 'APRILIA AYOMI', 'SERUI', '0000-00-00', 'A', 12, 0, 0),
('12150090', 'WIDASARI MINTIN TANGALAYUK', 'LANGDA', '0000-00-00', 'A', 12, 0, 0),
('12150091', 'VINA WIDIANA PUTRI', 'PEKALONGAN', '0000-00-00', 'TS', 12, 0, 0),
('12150093', 'MALAIKA', 'JAKARTA', '0000-00-00', 'A', 12, 0, 0),
('12150094', 'FRANS JOSUA DAMANIK', 'MEDAN', '0000-00-00', 'T', 12, 0, 0),
('12150095', 'KEVIN HERMANTO', 'JAKARTA', '0000-00-00', 'T', 12, 0, 0),
('12150096', 'YANUARIUS KARO', 'WOLOWARU', '0000-00-00', 'T', 12, 0, 0),
('12150097', 'GLEN MEIYEN SERANG', 'BITUNG', '0000-00-00', 'A', 12, 0, 0),
('12150098', 'CHERRY TALAKUA', 'TUAL', '0000-00-00', 'A', 12, 0, 0),
('12150099', 'YOHANA GRESIA RIYANTI G', 'MEDAN', '0000-00-00', 'T', 12, 0, 0),
('12150102', 'YOSEPH JUANG HUSADA', 'KUNINGAN', '0000-00-00', 'T', 12, 0, 0),
('12160001', 'VINCENTIA ANINDHA PRIMACINTYA', 'YOGYAKARTA', '0000-00-00', 'A', 12, 0, 0),
('12160002', 'SEPTILIA SEKAR MURDISARI', 'TEGAL', '0000-00-00', 'A', 12, 0, 0),
('12160003', 'YESSICA PARAMITA JAYAPUTERA', 'SLEMAN', '0000-00-00', 'A', 12, 0, 0),
('12160004', 'LYDIA SANIA DEWINTA', 'GOMBONG KEBUMEN', '0000-00-00', 'A', 12, 0, 0),
('12160005', 'DIANTY MANUPUTTY', 'WAMENA', '0000-00-00', 'A', 12, 0, 0),
('12160006', 'PETRONELA ELA PASKALIA I P', 'BANGUNSARI', '0000-00-00', 'A', 12, 0, 0),
('12160007', 'MELODY MITZI', 'YOGYAKARTA', '0000-00-00', 'A', 12, 0, 0),
('12160008', 'NI PUTU GITA RAHMANIATI', 'DENPASAR', '0000-00-00', 'A', 12, 0, 0),
('12160009', 'MELLYA JOANNITA SITORINI', 'SLEMAN', '0000-00-00', 'A', 12, 0, 0),
('12160010', 'CHINTYA ARLENTA', 'BEKASI', '0000-00-00', 'A', 12, 0, 0),
('12160011', 'DWI AYU MAHARANI LENA RADJA', 'WAIKABUBAK', '0000-00-00', 'A', 12, 0, 0),
('12160012', 'ANGGIA RADI DADE', 'ENDE', '0000-00-00', 'A', 12, 0, 0),
('12160013', 'TANIA WAHYU WARDHANI', 'SAWAHLUNTO', '0000-00-00', 'T', 12, 0, 0),
('12160014', 'SONIA PRAMUDYA JATI', 'YOGYAKARTA', '0000-00-00', 'A', 12, 0, 0),
('12160015', 'MELANCTON ANDRIAN BILI', 'WAIKABUBAK', '0000-00-00', 'A', 12, 0, 0),
('12160016', 'DESI MAGDALENA LAIMEHERIWA', 'KUPANG', '0000-00-00', 'A', 12, 0, 0),
('12160017', 'MARIA NORMALITA DA SILVA', 'LOSPALOS', '0000-00-00', 'A', 12, 0, 0),
('12160018', 'LOVELLY RAISA RAULE', 'MANADO', '0000-00-00', 'T', 12, 0, 0),
('12160019', 'DESY PERMATA SARY', 'SINTANG', '0000-00-00', 'A', 12, 0, 0),
('12160020', 'SANCE BADIANG KULAPE', 'DORO', '0000-00-00', 'A', 12, 0, 0),
('12160022', 'MIKHA OCTAVIANUS PRANOTO', 'SEMARANG', '0000-00-00', 'A', 12, 0, 0),
('12160023', 'SILVIA KARTIKA KRISTIANI', 'METRO', '0000-00-00', 'A', 12, 0, 0),
('12160024', 'ANDRIAN JANUARIUS FAIDARI', 'ABEPURA', '0000-00-00', 'A', 12, 0, 0),
('12160025', 'ROBERT SUMANTO', 'KEBUMEN', '0000-00-00', 'A', 12, 0, 0),
('12160026', 'DEA MEILINA BR KARO SEKALI', 'KABANJAHE', '0000-00-00', 'A', 12, 0, 0),
('12160027', 'SERFASIUS GHUNU DOWA', 'BONDO KAWAR', '0000-00-00', 'T', 12, 0, 0),
('12160028', 'ELSA INDRIANI SITOMPUL', 'MUARA TEWEH', '0000-00-00', 'A', 12, 0, 0),
('12160029', 'APRILINDA BENGAN GEON', 'FLORES', '0000-00-00', 'A', 12, 0, 0),
('12160030', 'FLORENSIA INDASARI DERAN SADA', 'WEETABULA', '0000-00-00', 'AS', 12, 0, 0),
('12160031', 'GRACE ELISABET LARUMPAA', 'MELONGUANE', '0000-00-00', 'T', 12, 0, 0),
('12160032', 'SISILIA VEBRIYANTI YENI NDELO', 'WAIKABUBAK', '0000-00-00', 'A', 12, 0, 0),
('12160033', 'APRISTENCY GADUNG', 'LEMBUDUD', '0000-00-00', 'A', 12, 0, 0),
('12160036', 'MICHAEL DYAS PERDANA', 'TEGAL', '0000-00-00', 'A', 12, 0, 0),
('12160037', 'FANUEL P.R.A. LEPAR', 'MANOKWARI', '0000-00-00', 'A', 12, 0, 0),
('12160038', 'MEILANESIA PAPUANI RAMANDEY', 'JAYAPURA', '0000-00-00', 'TS', 12, 0, 0),
('12160039', 'TRY YULWANTI', 'MANOKWARI', '0000-00-00', 'A', 12, 0, 0),
('12160040', 'MARSELINUS MORUK BASA BAI', 'ATAMBUA', '0000-00-00', 'A', 12, 0, 0),
('12160041', 'ELVINA LABA MAWU', 'WAIKABUBAK', '0000-00-00', 'A', 12, 0, 0),
('12160042', 'PASKATIKHA KURNIA PANANDITA', 'SLEMAN', '0000-00-00', 'A', 12, 0, 0),
('12160043', 'REGINALDO ALVAREZ DIPHOLOWA P', 'SAMARINDA', '0000-00-00', 'A', 12, 0, 0),
('12160044', 'PUTRI SEKAR WULANDARU', 'KLATEN', '0000-00-00', 'A', 12, 0, 0),
('12160045', 'DIAN PARAMITHA', 'BATURAJA', '0000-00-00', 'A', 12, 0, 0),
('12160046', 'STEFANUS NATALIONO KURNIAWAN', 'CAMBIR BENDERA', '0000-00-00', 'A', 12, 0, 0),
('12160047', 'SETYANDANI MAGNOKTA HALANANDA', 'KENDAWANGAN', '0000-00-00', 'A', 12, 0, 0),
('12160048', 'VELO PEBRIYATNO', 'PURUK CAHU', '0000-00-00', 'A', 12, 0, 0),
('12160049', 'REDEMPTA DESI BEATRIX NGARE', 'DILI', '0000-00-00', 'A', 12, 0, 0),
('12160050', 'VERINA DEVARI PUTRI ARIASTI', 'MAGELANG', '0000-00-00', 'A', 12, 0, 0),
('12160051', 'FLAVIANA INDRAWATI SELURU', 'WERANG', '0000-00-00', 'A', 12, 0, 0),
('12160052', 'BERTOLOMEUS F NANGGAR SAM', 'NGAWE', '0000-00-00', 'A', 12, 0, 0),
('12160053', 'PAUL RICSON MUAI', 'JAYAPURA', '0000-00-00', 'A', 12, 0, 0),
('12160054', 'FORTUNATUS UMBU DAKU', 'KATIKULOKU', '0000-00-00', 'A', 12, 0, 0),
('12160055', 'DEWI ELVIRA JITMAU', 'SETTA', '0000-00-00', 'T', 12, 0, 0),
('12160056', 'SHARON TRI WIDYANINGSIH', 'MAKASSAR', '0000-00-00', 'A', 12, 0, 0),
('12160057', 'CYNTHIA VICTORIA', 'PEKALONGAN', '0000-00-00', 'A', 12, 0, 0),
('12160058', 'KEZIA KUSUMAWATI TIPAWAEL', 'BOYOLALI', '0000-00-00', 'A', 12, 0, 0),
('12160059', 'FENTI LESTARI REMIJAWA', 'WAINGAPU', '0000-00-00', 'A', 12, 0, 0),
('12160060', 'WIHWIE STAFANY', 'JAKARTA UTARA', '0000-00-00', 'A', 12, 0, 0),
('12160061', 'INTAN RAMBU TUPA DAIRU', 'WAINGAPU', '0000-00-00', 'A', 12, 0, 0),
('12160062', 'GAMALIEL BASILIUS AGUNG K T', 'ABEPURA', '0000-00-00', 'A', 12, 0, 0),
('12160063', 'ALDA GABRIELLA GUNAWAN', 'UJUNG PANDANG', '0000-00-00', 'A', 12, 0, 0),
('12160064', 'NALDO ADRO VIA NARAHAWARIN', 'KATLARAT', '0000-00-00', 'A', 12, 0, 0),
('12160065', 'YESIKA TAMPUBOLON', 'PURBATUA', '0000-00-00', 'A', 12, 0, 0),
('12160066', 'MADLIN TAMPUBOLON', 'PURBATUA', '0000-00-00', 'A', 12, 0, 0),
('12160067', 'DESTY DERITHA TUAN', 'KUPANG', '0000-00-00', 'A', 12, 0, 0),
('12160069', 'RIVALDO PALIYAMA', 'MANOKWARI', '0000-00-00', 'A', 12, 0, 0),
('12160070', 'HARYANTO YUDHI PURNOMO', 'SOE', '0000-00-00', 'A', 12, 0, 0),
('12160071', 'SULTAN RAHANGIAR', 'BINTUNI', '0000-00-00', 'A', 12, 0, 0),
('12160072', 'BERLINA SAMPE LILING', 'AMBON', '0000-00-00', 'A', 12, 0, 0),
('12160073', 'BALTAZAR MARCAL DO NASCIMENTO', 'LUTUMUTU, TIRILOLO', '0000-00-00', 'A', 12, 0, 0),
('12160074', 'MARTHA KRISDIANTI INGGRID D.', 'WEETEBULA', '0000-00-00', 'A', 12, 0, 0),
('12160075', 'GABRIELLA CITRA FEBRIANI', 'BUMI DIPASENA', '0000-00-00', 'A', 12, 0, 0),
('12160076', 'ANNISA FEBRIANA PERMATASARI', 'MADIUN', '0000-00-00', 'A', 12, 0, 0),
('12160077', 'KARELLA VENIA BR GINTING', 'BERASTAGI', '0000-00-00', 'A', 12, 0, 0),
('12160078', 'ADELISA TYA', 'RANTEPAO', '0000-00-00', 'A', 12, 0, 0),
('12160079', 'MARCELIA JUDITH SAHERTIAN', 'SORONG', '0000-00-00', 'CS', 12, 0, 0),
('12160080', 'TASAKA MURAT WIJAYA', 'TONUSU', '0000-00-00', 'A', 12, 0, 0),
('12160081', 'NOVITA SETIAWATI', 'KUPANG', '0000-00-00', 'A', 12, 0, 0),
('12160082', 'RIANTY NIKITA LOTAZIA PONDAAG', 'JAKARTA', '0000-00-00', 'A', 12, 0, 0),
('12160083', 'NOVIANTI DATU SARIRA', 'BATAM', '0000-00-00', 'T', 12, 0, 0),
('12160084', 'SOFYA WIDYA WATI  MBAE', 'MEKO', '0000-00-00', 'A', 12, 0, 0),
('12160085', 'HENNY PUSPITA KADARWATI', 'KARANGANYAR', '0000-00-00', 'A', 12, 0, 0),
('12160086', 'SHANDRI PRATAMA', 'TILUNG', '0000-00-00', 'A', 12, 0, 0),
('12160087', 'LICYA RAHADIAN HERWANTO', 'SLEMAN', '0000-00-00', 'A', 12, 0, 0),
('12160088', 'NATASHA NATHANIA NASITA H', 'SAMARINDA', '0000-00-00', 'A', 12, 0, 0),
('12160089', 'REBECCA', 'TARAKAN', '0000-00-00', 'A', 12, 0, 0),
('12160090', 'APRILIANTI PASKALINA SETIAWATI', 'JAYAPURA', '0000-00-00', 'A', 12, 0, 0),
('12160091', 'CINDY PUSPITA DIEGA BANEFTAR', 'JAYAPURA', '0000-00-00', 'T', 12, 0, 0),
('12160092', 'NOVENTY SELAMAT', 'NABIRE', '0000-00-00', 'A', 12, 0, 0),
('12160093', 'MERLIN RANDABUNGA', 'NABIRE', '0000-00-00', 'A', 12, 0, 0),
('12160094', 'DHEA IKA PUTRI SIAGIAN', 'SIDIKALANG', '0000-00-00', 'A', 12, 0, 0),
('12160095', 'RIAHNI PURBA', 'DOLOGHULUAN', '0000-00-00', 'A', 12, 0, 0),
('12160096', 'YONAS SITEPU', 'MEDAN', '0000-00-00', 'A', 12, 0, 0),
('12160097', 'AGUSTIRIA PRISKA LIM', 'RUTENG', '0000-00-00', 'A', 12, 0, 0),
('12160098', 'RESTI MARIA RAGA KODA', 'WAINGAPU', '0000-00-00', 'A', 12, 0, 0),
('12160099', 'NOVATALIA BATO'' SAMMA', 'RANTEPAO', '0000-00-00', 'TS', 12, 0, 0),
('12160100', 'EMA VERANITA BR BANGUN', 'PANCURBATU', '0000-00-00', 'A', 12, 0, 0),
('12160101', 'FIRDA NOVIYANTI BR P', 'JAKARTA', '0000-00-00', 'A', 12, 0, 0),
('12160102', 'GERY ENUS', 'NAMTABUNG', '0000-00-00', 'A', 12, 0, 0),
('12160103', 'VINY RATNASARI', 'YOGYAKARTA', '0000-00-00', 'A', 12, 0, 0),
('12160104', 'SONYA MARGARETHA A', 'DILI', '0000-00-00', 'A', 12, 0, 0),
('12160105', 'OLYVIA CHRISTINA HENDRA JAYA', 'MAGELANG', '0000-00-00', 'A', 12, 0, 0),
('12160106', 'ANDREW JULIUS SIREGAR', 'SIGLI', '0000-00-00', 'A', 12, 0, 0),
('12160107', 'ANTONIA K.KAHOL', 'MERAUKE', '0000-00-00', 'T', 12, 0, 0),
('12160108', 'SUKISNO HADI', 'MERAUKE', '0000-00-00', 'A', 12, 0, 0),
('12160109', 'ARIELLA SARININGSIH KADMAER', 'TERNATE', '0000-00-00', 'A', 12, 0, 0),
('12160110', 'YANUARIUS YANDRI H. LABULELA', 'TIMIKA', '0000-00-00', 'A', 12, 0, 0),
('12160111', 'FHARHAN BAGUS RAMADHAN', 'PATI', '0000-00-00', 'CS', 12, 0, 0),
('12160112', 'VICO FRESIA PANJAITAN', 'CIREBON', '0000-00-00', 'A', 12, 0, 0),
('12160113', 'MARTINA SUSANTY G', 'SARIBUDOLOK', '0000-00-00', 'A', 12, 0, 0),
('12160114', 'HERMA DWI YUSIKA RESY SITEPU', 'MEDAN', '0000-00-00', 'A', 12, 0, 0),
('12160115', 'ELVIN DANIEL HIA', 'BUNUT', '0000-00-00', 'A', 12, 0, 0),
('12160116', 'DANIEL VERNANDO', 'JAMBI', '0000-00-00', 'A', 12, 0, 0),
('12160117', 'PEBRIANI PALEMBO', 'RANTEPAO', '0000-00-00', 'A', 12, 0, 0),
('12160118', 'YENI SETIYONINGRUM', 'TULUNGAGUNG', '0000-00-00', 'T', 12, 0, 0),
('12160119', 'DENANDRA SANTIKA PUTRI ERAMASI', 'JEMBER', '0000-00-00', 'A', 12, 0, 0),
('12160120', 'DERY ARIANDA PURDAWA', 'TEBANG BENUA', '0000-00-00', 'A', 12, 0, 0),
('12160121', 'ASIMA YOHANA NAIBAHO', 'JAMBI', '0000-00-00', 'A', 12, 0, 0),
('12160122', 'RISKA INDRAYANI TAMBING', 'RANTEPAO', '0000-00-00', 'A', 12, 0, 0),
('12160123', 'MARKO JUAN PAINE SILALAHI', 'NABIRE', '0000-00-00', 'A', 12, 0, 0),
('12160124', 'JOSUA SALOMO H', 'SIDIKALANG', '0000-00-00', 'A', 12, 0, 0),
('12160125', 'YULIA NUR BINTOWEN', 'MAKASSAR', '0000-00-00', 'T', 12, 0, 0),
('12160126', 'FEBI MONICA PABIANAN', 'WAWONDULA', '0000-00-00', 'A', 12, 0, 0),
('12160127', 'CHARIS TRIJAYANTO WELLY', 'SINTANG', '0000-00-00', 'A', 12, 0, 0),
('12160128', 'TITANIA SIFERA FEBRIANI', 'BANYUMAS', '0000-00-00', 'A', 12, 0, 0),
('12160129', 'IGNATIUS WAHYU CANDRA ATITUS', 'YOGYAKARTA', '0000-00-00', 'A', 12, 0, 0),
('12160130', 'DIANESIA ANGEL D.N.BONE', 'ATAMBAU', '0000-00-00', 'A', 12, 0, 0),
('12160131', 'DEA TIARA MONALISA BUTAR-BUTAR', 'BATAM', '0000-00-00', 'A', 12, 0, 0),
('12160132', 'YEYEN AGNES MONICA MANIK', 'PINANG DAMAIN', '0000-00-00', 'T', 12, 0, 0),
('12160133', 'SOFIA MARIA N', 'KUPANG', '0000-00-00', 'A', 12, 0, 0),
('12160134', 'CHARISMA ABEDNEGO TARIGAN', 'LUBUK PAKAM', '0000-00-00', 'A', 12, 0, 0),
('12160135', 'FERRY PAULUS SILALAHI', 'PEMATANG SIANTAR', '0000-00-00', 'T', 12, 0, 0),
('12160137', 'JESREND BERLIANDO LENGGU', 'KUPANG', '0000-00-00', 'T', 12, 0, 0),
('12160139', 'ARIELLA GAVRILA ANGGA DEWI', 'MAGELANG', '0000-00-00', 'T', 12, 0, 0),
('12170140', 'ANGELIA WUNATA', 'KARAWANG', '0000-00-00', 'TR', 12, 0, 0),
('12170141', 'YEREMIA OLIVIAN RAHADY', 'KLATEN', '0000-00-00', 'AR', 12, 0, 0),
('12170142', 'NATASYA FEBRIOLA HAURISSA', 'YOGYAKARTA', '0000-00-00', 'AR', 12, 0, 0),
('12170143', 'CYNTIA CHRISTYAWATI', 'MAGELANG', '0000-00-00', 'AR', 12, 0, 0),
('12170144', 'STELLA DODI SALAKORI', 'JAYAPURA', '0000-00-00', 'AR', 12, 0, 0),
('12170145', 'MAHENDRA DEWANTARA', 'TANGERANG', '0000-00-00', 'AR', 12, 0, 0),
('12170146', 'YOLANDA CHRISTINA WIDIASIH', 'KLATEN', '0000-00-00', 'AR', 12, 0, 0),
('12170147', 'NI NYOMAN WIDHIYANI PUTRI D', 'YOGYAKARTA', '0000-00-00', 'AR', 12, 0, 0),
('12170148', 'NADILA WATUWAYA', 'TANDAIROTU', '0000-00-00', 'AR', 12, 0, 0),
('12170149', 'YOVIE TJHANGESTI', 'SERUKAM', '0000-00-00', 'AR', 12, 0, 0),
('12170150', 'FEDY ERKASLI T', 'WAINGAPU', '0000-00-00', 'AR', 12, 0, 0),
('12170151', 'MIRYAM ELVINA GLORIA TAHUN', 'WAINGAPU', '0000-00-00', 'AR', 12, 0, 0),
('12170152', 'STEFIKA ADRIWANTO SOENARJO', 'PURBALINGGA', '0000-00-00', 'AR', 12, 0, 0),
('12170153', 'CHRYSANTHA DAMARIS TOBIAS L', 'UJUNG PANDANG', '0000-00-00', 'AR', 12, 0, 0),
('12170154', 'DIVEA CLARISSA', 'BATU KELING', '0000-00-00', 'AR', 12, 0, 0),
('12170155', 'MARIA LESTARIANI', 'JAKARTA', '0000-00-00', 'AR', 12, 0, 0),
('12170156', 'ALBERT YEREMIA ALFANO', 'SINTANG', '0000-00-00', 'AR', 12, 0, 0),
('12170157', 'MARIYANI SILLA', 'KUPANG', '0000-00-00', 'AR', 12, 0, 0),
('12170158', 'GRACE ADE PUTRI SABUNA', 'KUPANG', '0000-00-00', 'AR', 12, 0, 0),
('12170159', 'YULIANA CHINTYA DEWI SANTOSO', 'KUDUS', '0000-00-00', 'AR', 12, 0, 0),
('12170160', 'NICHOLAS ADITYA TASLIM', 'JAKARTA', '0000-00-00', 'AR', 12, 0, 0),
('12170161', 'AMELIA GITA ANDREANI', 'TEMANGGUNG', '0000-00-00', 'AR', 12, 0, 0),
('12170162', 'SAFARI', 'SEKAKAI', '0000-00-00', 'AR', 12, 0, 0),
('12170163', 'YOSUA HASIANDO SIMARMATA', 'BIAK', '0000-00-00', 'AR', 12, 0, 0),
('12170164', 'REFI RESTIANI ARTANTI', 'WONOGIRI', '0000-00-00', 'AR', 12, 0, 0),
('12170165', 'FRANSISCA ALICIA', 'NGAWI', '0000-00-00', 'AR', 12, 0, 0),
('12170166', 'RONI DAVID', 'AKAMAYAU', '0000-00-00', 'AR', 12, 0, 0),
('12170167', 'YAKOBUS DERMAWAN', 'WANO', '0000-00-00', 'AR', 12, 0, 0),
('12170168', 'CICILIA DITHA MAHARANI LUAN', 'ATAMBUA', '0000-00-00', 'AR', 12, 0, 0),
('12170169', 'YOHANES ANTONI WARANG', 'MANUS', '0000-00-00', 'AR', 12, 0, 0),
('12170170', 'YOSUA GILBERT SUSANTO', 'PALU', '0000-00-00', 'AR', 12, 0, 0),
('12170171', 'SILVIANA NURJAYA', 'ROHAK', '0000-00-00', 'AR', 12, 0, 0),
('12170172', 'PATRISIA PRISCILLA RAJAGUKGUK', 'KOKONAO', '0000-00-00', 'AR', 12, 0, 0),
('12170173', 'FREDERIKA ULE DAPAWOLE', 'WAIKABUBAK', '0000-00-00', 'AR', 12, 0, 0),
('12170174', 'MARIA TRISNA GANWARIN', 'SAUMLAKI', '0000-00-00', 'AR', 12, 0, 0),
('12170175', 'AYU PASKAH AFRIANI', 'RANTEPAO', '0000-00-00', 'AR', 12, 0, 0),
('12170176', 'MELIYANI LOURU PELE', 'WAIKABUBAK', '0000-00-00', 'AR', 12, 0, 0),
('12170177', 'SHE-SHE APRIYANI', 'TANGERANG', '0000-00-00', 'AR', 12, 0, 0),
('12170178', 'DESTA ARYA NUGRAHA', 'TEMANGGUNG', '0000-00-00', 'AR', 12, 0, 0),
('12170179', 'ARIYANTHI G. P. LANDA', 'RUTENG', '0000-00-00', 'AR', 12, 0, 0),
('12170180', 'WELLY PRANEIDYA BR SITANGGANG', 'SAMARINDA', '0000-00-00', 'AR', 12, 0, 0),
('12170181', 'MONICA EGI VIANA RAYA', 'PANGKALAN BUN', '0000-00-00', 'AR', 12, 0, 0),
('12170182', 'MEYTHA STEFANI TALLA', 'SORONG', '0000-00-00', 'AR', 12, 0, 0),
('12170183', 'FRANSISKA MELITA SARI', 'YOGYAKARTA', '0000-00-00', 'AR', 12, 0, 0),
('12170184', 'ERENS PIRANDAWA', 'WAINGAPU', '0000-00-00', 'AR', 12, 0, 0),
('12170185', 'MARIO FRANSISCO ADIKUR', 'PAU', '0000-00-00', 'AR', 12, 0, 0),
('12170186', 'MARIA MARISSTELLA MEOLIN SINUS', 'KISOL', '0000-00-00', 'AR', 12, 0, 0),
('12170187', 'WINDA EPRILIA SILALAHI', 'OGAN KOMERING ULU', '0000-00-00', 'AR', 12, 0, 0),
('12170188', 'DIAH RAHAYU PURWANINGTYAS', 'YOGYAKARTA', '0000-00-00', 'AR', 12, 0, 0),
('12170189', 'OKTAVIANUS IRFAN JEMA', 'NEKANG,MANGGARAI,NTT', '0000-00-00', 'AR', 12, 0, 0),
('12170190', 'IKA GUSTI SEPTI ANGGRAENI', 'SLEMAN', '0000-00-00', 'AR', 12, 0, 0),
('12170191', 'HENDRA MERE DODOK', 'WAIKABUBAK', '0000-00-00', 'AR', 12, 0, 0),
('12170192', 'ATHALIANY DHEWU MALO', 'WAINGAPU', '0000-00-00', 'AR', 12, 0, 0),
('12170193', 'NAOMI RELIANA SIMBOLON', 'MEDAN', '0000-00-00', 'AR', 12, 0, 0),
('12170194', 'SHERLITA RIBKHA RAHAYU', 'BOGOR', '0000-00-00', 'AR', 12, 0, 0),
('12170195', 'PETRUS ROBI', 'SAMARINDA', '0000-00-00', 'TR', 12, 0, 0),
('12170196', 'PRISKA LARISSA HELMAYA', 'RUTENG', '0000-00-00', 'AR', 12, 0, 0),
('12170197', 'GABRIELLA CELINE R. M.', 'MANADO', '0000-00-00', 'AR', 12, 0, 0),
('12170198', 'LAURA ELEBICA MANURUNG', 'BENGKULU', '0000-00-00', 'AR', 12, 0, 0),
('12170199', 'ANGELLA AYU DWI CHRISNAWATI', 'GROBONGAN', '0000-00-00', 'AR', 12, 0, 0),
('12170200', 'FELINNE PIRENNE KUSDIONO', 'BANJARNEGARA', '0000-00-00', 'AR', 12, 0, 0),
('12170201', 'ANDREAS KURNIAWAN HARTONO', 'MAGELANG', '0000-00-00', 'AR', 12, 0, 0),
('12170202', 'MARCYOLA SEKARARUM PUTRI P', 'PAREPARE', '0000-00-00', 'AR', 12, 0, 0),
('12170203', 'ROVINA DEO DECATA KABOSU', 'BETUN', '0000-00-00', 'AR', 12, 0, 0),
('12170204', 'ANDREAS MORGAN TENABOLO', 'RUA', '0000-00-00', 'AR', 12, 0, 0),
('12170205', 'LIA MARGARITHA', 'LONG BERANG', '0000-00-00', 'AR', 12, 0, 0),
('12170206', 'HANNA TEMMINCKII', 'BUNTOK', '0000-00-00', 'AR', 12, 0, 0),
('12170207', 'SUSANA SARIANI ARUT', 'RUTENG', '0000-00-00', 'AR', 12, 0, 0),
('12170208', 'IVAN YESAYA BANAMTUAN', 'CURUP', '0000-00-00', 'AR', 12, 0, 0),
('12170209', 'ERNI NOPIA WARDANI', 'CURUP', '0000-00-00', 'AR', 12, 0, 0),
('12170210', 'ROMARIO JOHAN SOWE', 'SORONG', '0000-00-00', 'AR', 12, 0, 0),
('12170211', 'RANI ANGGREANI GOLOWOK', 'DIM-DIM', '0000-00-00', 'AR', 12, 0, 0),
('12170212', 'MANUEL LUMBAN TOBING', 'DURI', '0000-00-00', 'AR', 12, 0, 0),
('12170213', 'KADEK SRI NOVITA DEWI', 'BATUMARTA', '0000-00-00', 'AR', 12, 0, 0),
('12170214', 'MARIA SUKACITA MANDUT', 'RUTENG', '0000-00-00', 'AR', 12, 0, 0),
('12170215', 'ARESA ANGELA', 'LADANGAN', '0000-00-00', 'AR', 12, 0, 0),
('12170216', 'SERAFIN MAYAINA', 'MAUMERRE', '0000-00-00', 'AR', 12, 0, 0),
('12170217', 'ELOIDIA SERAFI HANTORO', 'TRENGGALEK', '0000-00-00', 'AR', 12, 0, 0),
('12170218', 'FRANSISKA KURNIATI BINU', 'NECAK', '0000-00-00', 'AR', 12, 0, 0),
('12170219', 'KURNIUS SALE REZA JHONATAN', 'MAYAN', '0000-00-00', 'AR', 12, 0, 0),
('12170220', 'CARLA A.I. VIEGAS MONTEIRO', 'DILI', '0000-00-00', 'AR', 12, 0, 0),
('12170221', 'MERLIN MARIA Y. WONDUMI', 'NABIRE', '0000-00-00', 'AR', 12, 0, 0),
('12170222', 'MICHA ANGGREINI', 'KABANJAHE', '0000-00-00', 'AR', 12, 0, 0),
('12170223', 'JOHN KELVIN', 'SIKAKAP', '0000-00-00', 'AR', 12, 0, 0),
('12170224', 'CINDY CHRISTY KAEMPE', 'NABIRE', '0000-00-00', 'AR', 12, 0, 0),
('12170225', 'JOEL KEVIN PONGOH', 'MANADO', '0000-00-00', 'AR', 12, 0, 0),
('12170226', 'SILVIA ANJELY DAMENTA BR M', 'BUNURAYA', '0000-00-00', 'AR', 12, 0, 0),
('12170227', 'ANGELICA MARIA VIANNEY', 'MAKASSAR', '0000-00-00', 'AR', 12, 0, 0),
('12170228', 'BOBBY PATTIMUKAY', 'TEDENG', '0000-00-00', 'AR', 12, 0, 0),
('12170229', 'KRISNANTAMI LINKAN PARADITA', 'JAKARTA', '0000-00-00', 'AR', 12, 0, 0),
('12170230', 'FRIMA DONI SAMARK SARAGIH', 'SIGODANG', '0000-00-00', 'AR', 12, 0, 0),
('12170231', 'RESKY TAMARA TAMBUNAN', 'BATAM', '0000-00-00', 'AR', 12, 0, 0),
('12170232', 'FIZKARINE YEDISTA TUMIMOMOR', 'MANADO', '0000-00-00', 'AR', 12, 0, 0),
('12170233', 'DEVI KRISNAWATI BR SITANGGANG', 'TEGAL', '0000-00-00', 'AR', 12, 0, 0),
('12170234', 'ALBERT HASRATTO GULO', 'MANDREHE', '0000-00-00', 'AR', 12, 0, 0),
('12170235', 'MARIA ANNE RISTA FERNANDEZ', 'RUTENG', '0000-00-00', 'AR', 12, 0, 0),
('12170236', 'DEA MITZI YUSPHITA', 'JAYAPURA', '0000-00-00', 'AR', 12, 0, 0),
('12170237', 'ACIAU', 'PAMPANG', '0000-00-00', 'AR', 12, 0, 0),
('12170238', 'CELYN MONICA OLIVYANITA D I', 'KLATEN', '0000-00-00', 'AR', 12, 0, 0),
('12170239', 'RONALDY DUGANATA', 'SERWARU', '0000-00-00', 'TR', 12, 0, 0),
('12170240', 'HENDERINA ANGLIWANTI SERAN', 'SOE', '0000-00-00', 'AR', 12, 0, 0),
('12170241', 'STEFANUS KRISTIANTO', 'BENGKULU', '0000-00-00', 'AR', 12, 0, 0),
('12170242', 'LENI ANGGRYANY P', 'TANGERANG', '0000-00-00', 'AR', 12, 0, 0),
('12170243', 'EBENHAEZER STEFANUS RUDYANTO', 'BATAM', '0000-00-00', 'AR', 12, 0, 0),
('12170244', 'RIZKY BAYU WIBOWO', 'NABIRE', '0000-00-00', 'AR', 12, 0, 0),
('12170245', 'CARLOS NABABAN', 'CIREBON', '0000-00-00', 'AR', 12, 0, 0),
('12170246', 'ANNA MARIA S. K. DANGGUR', 'LEMPE', '0000-00-00', 'AR', 12, 0, 0),
('12170247', 'VENANTO R. P. SINAGA', 'TEBING TINGGI', '0000-00-00', 'AR', 12, 0, 0),
('12170248', 'ANNA FINORA ELJORJIHAN T', 'MAKASSAR', '0000-00-00', 'AR', 12, 0, 0),
('12170249', 'ALOYSIANA YERMOGOIN', 'KEPI', '0000-00-00', 'TR', 12, 0, 0),
('12170250', 'STEFFY MADELEN PRISKILA PASARIBU', 'CILACAP', '0000-00-00', 'AR', 12, 0, 0),
('12170251', 'BERLIANO HELMY NESTRO', 'WAIKABUBAK', '0000-00-00', 'AR', 12, 0, 0),
('12170252', 'ANNEKE MELANI PUTRI SRS', 'MEDAN', '0000-00-00', 'AR', 12, 0, 0),
('12170253', 'VIVIANA', 'PONTIANAK', '0000-00-00', 'AR', 12, 0, 0),
('12170254', 'FERDINAN TANDI RURA', 'SAMPAGA', '0000-00-00', 'TR', 12, 0, 0),
('12170255', 'MONICA EVALINA DE FLORA TALA', 'KISOL', '0000-00-00', 'AR', 12, 0, 0),
('12170256', 'LEORNARDO KAIYELY', 'TERNATE', '0000-00-00', 'AR', 12, 0, 0),
('12170257', 'MARIA HERLINA SEPE', 'MAUMERE', '0000-00-00', 'AR', 12, 0, 0),
('12170258', 'CHRISTIAN NAINGGOLAN', 'MEDAN', '0000-00-00', 'AR', 12, 0, 0),
('12170259', 'URSULA M.R BUTARBUTAR', 'SIDIKALANG', '0000-00-00', 'AR', 12, 0, 0),
('12170260', 'LEDDY TERESA KRISTIANTHY', 'BA''LIKU', '0000-00-00', 'AR', 12, 0, 0),
('12170261', 'MELATI ANJELINA', 'TANDIHAT', '0000-00-00', 'AR', 12, 0, 0),
('12170262', 'ELLEN STEFANI', 'TANJUNG SELOR', '0000-00-00', 'AR', 12, 0, 0),
('12170263', 'GRACECILIA PALUA SIWABESSY', 'JAYAPURA', '0000-00-00', 'AR', 12, 0, 0),
('12170264', 'ALDEIRY BP SARAAN', 'MAKALE', '0000-00-00', 'TR', 12, 0, 0),
('12170265', 'TESALONIKA PAMELA PIGAI', 'MANADO', '0000-00-00', 'AR', 12, 0, 0),
('22002316', 'ODDY YOSEF CHRISTIJANTO', 'Pemalang', '0000-00-00', 'TA', 71, 0, 71),
('22002334', 'DANIEL SUKAMTO', 'Semarang', '0000-00-00', 'TR', 71, 0, 71),
('22002335', 'BENNY WIBOWO', 'Surakarta', '0000-00-00', 'TA', 71, 0, 71),
('22002385', 'FAUZI YULIAWAN RUSLI', 'Yogyakarta', '0000-00-00', 'TA', 71, 0, 71),
('22002399', 'FREDY', 'Jakarta', '0000-00-00', 'TE', 71, 0, 71),
('22002433', 'HENDRY', 'Ketapang', '0000-00-00', 'TE', 71, 0, 71),
('22002464', 'MUJIMAN', 'Sambas', '0000-00-00', 'TA', 71, 0, 71),
('22002514', 'VEDY WEDIJAYA', 'Manggar', '0000-00-00', 'TA', 71, 0, 71),
('22012543', 'ARDI HANDOKO', 'Yogyakarta', '0000-00-00', 'TA', 71, 0, 71),
('22012549', 'REZA ADHITYA UTOMO', 'Ambon', '0000-00-00', 'TE', 71, 0, 71),
('22012563', 'ROY HERLAMBANG', 'Surakarta', '0000-00-00', 'TE', 71, 0, 71),
('22012564', 'ANDREAS OKTORIYANTO', 'Klaten', '2003-06-09', 'TE', 71, 0, 71),
('22012597', 'BAYU CONDRO WIBOWO', 'Yogyakarta', '2003-05-09', 'TA', 71, 0, 71),
('22012614', 'DIAN LAZUARDI SINULINGGA', 'Medan', '0000-00-00', 'TE', 71, 0, 71),
('22012714', 'DEDE WIJAYA', 'Jambi', '0000-00-00', 'TE', 71, 0, 71),
('22012725', 'FRANDI SAPUTRO', 'Yogyakarta', '0000-00-00', 'TA', 71, 0, 71),
('22012744', 'WILY CHANDRA', 'Rantau Prapat', '0000-00-00', 'TE', 71, 0, 71),
('22012751', 'ASTHO SETYO SASONO', 'Probolinggo', '0000-00-00', 'TE', 71, 0, 71),
('22022826', 'EDI SUTRISNO', 'CIREBON', '0000-00-00', 'TE', 71, 0, 71),
('22022867', 'ANDREAS FREDERIKUS H W R', 'BINUANG KAL-SEL', '0000-00-00', 'TE', 71, 0, 71),
('22023020', 'HENDIDIT', 'BANGKA', '0000-00-00', 'TE', 71, 0, 71),
('22023039', 'ANTONIUS MATONDANG', 'PORSEA', '2003-04-27', 'TR', 71, 0, 71),
('22023040', 'DIMAS MARIO KRISTANTO W P', 'SUKABUMI', '0000-00-00', 'TE', 71, 0, 71),
('22033107', 'KENAN NALENDRA WEDHASMARA', ' MAGELANG', '0000-00-00', 'TR', 71, 0, 71),
('22033122', 'ANGGA LAMBDA PRADIPTA', 'JAKARTA', '0000-00-00', 'TE', 71, 0, 71),
('22033161', 'HENDRY KURNIAWAN SANTOSA', 'MAGELANG', '0000-00-00', 'TR', 71, 0, 71),
('22033230', 'YONATAN ADHI WIJAYA', 'SEMARANG', '0000-00-00', 'TE', 71, 0, 71),
('22033231', 'HENDRAWAN KUSWANTO', 'RAHA SULAWESI TENGGA', '2003-11-08', 'TE', 71, 0, 71),
('22033246', 'IRMA LILYANA SUGIYANTO', 'MAGELANG', '2003-12-09', 'TE', 71, 0, 71),
('22033255', 'BUDI SURYADINATA', 'BOGOR', '0000-00-00', 'TA', 71, 0, 71),
('22033280', 'JAROT WIDIYOKO', 'PATI', '2003-09-25', 'TE', 71, 0, 71),
('22033306', 'DIAN SUTANTO', 'PALEMBANG', '0000-00-00', 'TE', 71, 0, 71),
('22043445', 'YEDHI PURBANTORO', 'SUKOHARJO', '0000-00-00', 'TR', 71, 0, 71),
('22043466', 'JANUARI MICHAEL SIWARDANA', 'SEMARANG', '0000-00-00', 'TR', 71, 0, 71),
('22043545', 'EMANUEL RESTU S', 'WONOSOBO', '0000-00-00', 'T', 71, 0, 71),
('22043569', 'WENNY WULANDARI', 'JAMBI', '0000-00-00', 'TR', 71, 0, 71),
('22043572', 'RHEA MAYA SARI', 'MAGELANG', '0000-00-00', 'TR', 71, 0, 71),
('22043604', 'DELKI FERI GUNAWAN', 'DURI', '0000-00-00', 'TR', 71, 0, 71),
('22053740', 'ANDIKA SETYABUDHI', 'PURWOREJO', '0000-00-00', 'PB', 71, 0, 71),
('22053756', 'CAHYO PURNOMO HADI TANUJOYO', 'SLEMAN', '0000-00-00', 'PB', 71, 0, 71),
('22053774', 'RUDY OSMOND', 'YOGYAKARTA', '0000-00-00', 'TR', 71, 0, 71),
('22053795', 'SULISTIO ARDIYANTO', 'KEBUMEN', '0000-00-00', 'TR', 71, 0, 71),
('22053807', 'LUCKY PRIMAJAYA', 'SURAKARTA', '0000-00-00', 'TR', 71, 0, 71),
('22053825', 'NANDA NOVISTA HERAWATI', 'YOGYAKARTA', '0000-00-00', 'TR', 71, 0, 71),
('22053842', 'DIDIT SULISTYO', 'SURAKARTA', '0000-00-00', 'TR', 71, 0, 71),
('22053846', 'BETRIYANA LILIT', 'TG SELOR', '0000-00-00', 'TR', 71, 0, 71),
('22053851', 'RIDHO DWI SATRIADI', 'BIAK', '0000-00-00', 'TR', 71, 0, 71),
('22053863', 'ARYO PINANDITO', 'SURAKARTA', '0000-00-00', 'T', 71, 0, 71),
('22053870', 'ROBERT TJAHJADI JOESOEF', 'YOGYAKARTA', '0000-00-00', 'TR', 71, 0, 71),
('22053881', 'IWAN SUKIMAN', 'LHOKSEUMAWE', '0000-00-00', 'TS', 71, 0, 71),
('22053883', 'MARCEL THEODORUS TULANDI', 'BITUNG', '0000-00-00', 'TS', 71, 0, 71),
('22053896', 'HENDRO STEFANUS GONIMASELA', 'SAUMLAKI', '0000-00-00', 'TR', 71, 0, 71),
('22053931', 'LEONARDUS DITO KRISNANTO', 'YOGYAKARTA', '0000-00-00', 'TR', 71, 0, 71),
('22053949', 'YANRY JEMRIS NEKEN', 'KESETNAMA', '0000-00-00', 'TR', 71, 0, 71),
('22063982', 'BUDI SETIAWAN', 'YOGYAKARTA', '0000-00-00', 'TR', 71, 0, 71),
('22063992', 'TABITHA BANU KRISNANTI', 'CILACAP', '0000-00-00', 'PB', 71, 0, 71),
('22064021', 'STANLEY WIJAYA', 'TEGAL', '0000-00-00', 'TR', 71, 0, 71),
('22064037', 'HARIYADI PRASETYO', 'YOGYAKARTA', '0000-00-00', 'PB', 71, 0, 71),
('22064040', 'HELMI HENARA', 'MAGELANG', '0000-00-00', 'TR', 71, 0, 71),
('22064041', 'ANDREAS TIO HARYA NINDITA', 'YOGYAKARTA', '0000-00-00', 'TS', 71, 0, 71),
('22064047', 'YUDHA WAHYU SANTOSA', 'KLATEN', '0000-00-00', 'TR', 71, 0, 71),
('22064066', 'DIMAS SETIAWAN HERUTANTO', 'MAGELANG', '0000-00-00', 'TR', 71, 0, 71);
INSERT INTO `mahasiswa` (`nim`, `nama`, `tempat_lhr`, `tgl_lhr`, `status`, `kode_prodi`, `validasi`, `status_peminjaman`) VALUES
('22064070', 'FERNANDA ALDO SEBASTIAN', 'YOGYAKARTA', '0000-00-00', 'TR', 71, 0, 71),
('22064085', 'CORDATUS HANS STEPEN REY H', 'PURWOKERTO', '0000-00-00', 'TR', 71, 0, 71),
('22064114', 'HARDI SUDANTA BUDIARYANA', 'SINGARAJA', '0000-00-00', 'TS', 71, 0, 71),
('22064122', 'ANDINA SEPTIARINI', 'BALIKPAPAN', '0000-00-00', 'TS', 71, 0, 71),
('22064167', 'RULLY ADHI PUTRA BADJADJI', 'POSO', '0000-00-00', 'TR', 71, 0, 71),
('22064188', 'HENDRI KAWAJAYA', 'JAMBI', '0000-00-00', 'TS', 71, 0, 71),
('22064193', 'STIFF ANDERSON RATUCOREH', 'KUPANG NTT', '0000-00-00', 'TR', 71, 0, 71),
('22074200', 'CB. YUDI PUSPA IRAWAN', 'GUNUNGKIDUL', '0000-00-00', 'PB', 71, 0, 71),
('22074201', 'YONAS WIDHIYANTO', 'MAGELANG', '0000-00-00', 'TR', 71, 0, 71),
('22074213', 'ANTONIUS DODDY KUNCORO W.', 'YOGYAKARTA', '0000-00-00', 'TR', 71, 0, 71),
('22074223', 'YURIAN PRABOWO', 'JAKARTA PUSAT', '0000-00-00', 'T', 71, 0, 71),
('22074238', 'NOVA AGUSTINUS IMBIR', 'TIMIKA', '0000-00-00', 'TR', 71, 0, 71),
('22074271', 'CHRISTIAN IRAWAN', 'SURAKARTA', '0000-00-00', 'PB', 71, 0, 71),
('22074284', 'MANTHURIO PRAJA PRATAMA', 'KLATEN', '0000-00-00', 'TR', 71, 0, 71),
('22074289', 'SINUNG SIH WIDODO', 'KLATEN', '0000-00-00', 'TS', 71, 0, 71),
('22074291', 'ADITYA', 'SURAKARTA', '0000-00-00', 'TR', 71, 0, 71),
('22074300', 'CHRISTIAN HARTANTO', 'PURBALINGGA', '0000-00-00', 'T', 71, 0, 71),
('22074311', 'GERARDO ADRIAN', 'SALATIGA', '0000-00-00', 'TR', 71, 0, 71),
('22074338', 'YOSSY YOLANDA', 'JAMBI', '0000-00-00', 'TR', 71, 0, 71),
('22074348', 'MOSES ANTONIUS P. SIANTURI', 'CILACAP', '0000-00-00', 'TR', 71, 0, 71),
('22074351', 'ROY SUNARIO SEPTYANTO', 'SINDANG SARI', '0000-00-00', 'TR', 71, 0, 71),
('22074367', 'VICTOR LITAAY', 'MASOHI', '2003-09-18', 'TR', 71, 0, 71),
('22074376', 'GRACE MARGARETH MANGANTI', 'TARIPA', '0000-00-00', 'TR', 71, 0, 71),
('22084400', 'GUNAWAN SETIADI PRASTIYO', 'MAGELANG', '0000-00-00', 'PB', 71, 0, 71),
('22084411', 'HANIEL ADITYA TADIAS', 'BONTANG', '0000-00-00', 'TR', 71, 0, 71),
('22084439', 'BUDI YUWONO', 'MADIUN', '0000-00-00', 'PB', 71, 0, 71),
('22084451', 'GERRI DIMAS FABIAN', 'METRO', '0000-00-00', 'TR', 71, 0, 71),
('22084462', 'FERDIANTHO', 'SIBOLGA', '0000-00-00', 'TR', 71, 0, 71),
('22084486', 'ANDREAN SETIAWAN', 'TEMANGGUNG', '0000-00-00', 'TR', 71, 0, 71),
('22084528', 'APNEL PAULUS', 'SANDAKAN', '0000-00-00', 'PB', 71, 0, 71),
('22084557', 'YOSUA ALFANDO RESPATIAWAN P P', 'RANAI', '0000-00-00', 'PB', 71, 0, 71),
('22084563', 'MARIO PUNTO DEWO', 'YOGYAKARTA', '0000-00-00', 'TS', 71, 0, 71),
('22084565', 'NARADHIPA', 'YOGYAKARTA', '0000-00-00', 'TR', 71, 0, 71),
('22084566', 'AGUS TRIANTO', 'PURBALINGGA', '0000-00-00', 'TR', 71, 0, 71),
('22084578', 'ARYA YUDI IRAWAN', 'MAGELANG', '0000-00-00', 'TS', 71, 0, 71),
('22084589', 'EZRA BERT AKASIAN', 'JAYAPURA', '0000-00-00', 'PB', 71, 0, 71),
('22084594', 'AGIT ADHETYA PUTRA', 'KLATEN', '0000-00-00', 'TR', 71, 0, 71),
('22084598', 'NITIN', 'YOGYAKARTA', '0000-00-00', 'TS', 71, 0, 71),
('22084613', 'HILMAN', 'JAKARTA', '0000-00-00', 'TR', 71, 0, 71),
('22084615', 'STEVANUS RICO ADRIAN', 'YOGYAKARTA', '0000-00-00', 'TS', 71, 0, 71),
('22084617', 'ALEXANDER WIJANARKO', 'YOGYAKARTA', '0000-00-00', 'TS', 71, 0, 71),
('22084619', 'RIKHJON EFENDI S', 'SUKARAJA', '0000-00-00', 'TS', 71, 0, 71),
('22084623', 'HEINS ALLAN ROYNOLD MANUHUTU', 'UJUNG PANDANG', '0000-00-00', 'T', 71, 0, 71),
('22084636', 'ADITYA HALIMAWAN SUTANTO', 'SURAKARTA', '0000-00-00', 'TS', 71, 0, 71),
('22084639', 'STEVANES SUBAGIO', 'Kudus', '2003-04-03', 'TP', 71, 0, 71),
('22094652', 'AYDA PUSPITA SARI S', 'KEBUMEN', '0000-00-00', 'T', 71, 0, 71),
('22094665', 'ANDRIANUS FERDY KURNIAWAN', 'YOGYAKARTA', '0000-00-00', 'TS', 71, 0, 71),
('22094666', 'LAURENTIUS PITOYO SIH P', 'SOLO', '0000-00-00', 'TS', 71, 0, 71),
('22094696', 'LIE RESHA YANUAR', 'YOGYAKARTA', '0000-00-00', 'TR', 71, 0, 71),
('22094710', 'MEISY AFIANI CANDRA', 'PONTIANAK', '0000-00-00', 'TS', 71, 0, 71),
('22094714', 'AGUSTINUS CHRISTIAN BUDI S', 'SLEMAN', '0000-00-00', 'TR', 71, 0, 71),
('22094741', 'SENNA', 'BANDUNG', '0000-00-00', 'PB', 71, 0, 71),
('22094760', 'FLORENTIUS YANUAR SETIAWAN', 'KLATEN', '0000-00-00', 'TR', 71, 0, 71),
('22094769', 'GIOVANNO FEBRIANT ALEXY T', 'SURABAYA', '0000-00-00', 'TS', 71, 0, 71),
('22094782', 'SULAPTO', 'SERUNAI', '0000-00-00', 'TR', 71, 0, 71),
('22094783', 'EKO PRASETYO', 'WONOGIRI', '0000-00-00', 'TR', 71, 0, 71),
('22094793', 'ADHI KURNIAWAN SUZANTO', 'SURAKARTA', '0000-00-00', 'TR', 71, 0, 71),
('22094803', 'ELVIRA OKTAVI CARROL RUMAYOMI', 'SORONG', '0000-00-00', 'TR', 71, 0, 71),
('22094817', 'AGUSTINUS ADI SULISTYO', 'WONOSOBO', '0000-00-00', 'TR', 71, 0, 71),
('22104831', 'TIMOTHY RICARDO', 'KEBUMEN', '0000-00-00', 'TR', 71, 0, 71),
('22104871', 'RANDY LAURENZ RUHULESSIN', 'AMBON', '0000-00-00', 'AR', 71, 0, 71),
('22104872', 'RIVAN ARDYANTO', 'SURAKARTA', '0000-00-00', 'TR', 71, 0, 71),
('22104876', 'EKA PUSPITASARI', 'BENGKULU', '0000-00-00', 'TR', 71, 0, 71),
('22104886', 'STEFANUS KRISTIAN HARTONO', 'SLEMAN', '0000-00-00', 'TR', 71, 0, 71),
('22104902', 'BERNADUS SINGGIH SUBEKTI', 'KLATEN', '0000-00-00', 'TR', 71, 0, 71),
('22104916', 'SONGKO ADITYA', 'YOGYAKARTA', '0000-00-00', 'TR', 71, 0, 71),
('22104917', 'EUNIKE MARGARETA', 'YOGYAKARTA', '0000-00-00', 'TR', 71, 0, 71),
('22104923', 'DENNY SANTOSO', 'MAGELANG', '0000-00-00', 'TS', 71, 0, 71),
('22104925', 'HENRICHI AMARAL DA COSTA', 'LOSPALOS TIMOR LESTE', '0000-00-00', 'AS', 71, 0, 71),
('22104930', 'DANIEL KRISTIANTO', 'PURWOREJO', '0000-00-00', 'AR', 71, 0, 71),
('22104932', 'KEVIN BRICE SIANGGARA', 'SURAKARTA', '0000-00-00', 'TS', 71, 0, 71),
('22104940', 'JULIUS THOMAS', 'RANTAU PRAPAT', '0000-00-00', 'TR', 71, 0, 71),
('22104948', 'CHRISTIAN ANDIKA PRIMANANDA', 'GOMBONG', '0000-00-00', 'AR', 71, 0, 71),
('22104955', 'ANDREAS', 'MENTOK', '0000-00-00', 'AR', 71, 0, 71),
('22104956', 'ALBERT DOWNER', 'BANDUNG', '0000-00-00', 'TR', 71, 0, 71),
('22104964', 'ALFONSUS ANDIKA PRIMADANA', 'YOGYAKARTA', '0000-00-00', 'TS', 71, 0, 71),
('22104965', 'DAMASUS BAGUS WAHYU UTAMA', 'YOGYAKARTA', '0000-00-00', 'AS', 71, 0, 71),
('22104966', 'I MADE RONI AGASTIYA', 'KENDARI', '0000-00-00', 'TR', 71, 0, 71),
('22104969', 'YOSHUA HENDRA MANGLAPY', 'SEMARANG', '0000-00-00', 'TR', 71, 0, 71),
('22104974', 'MAUREN PATRICK MANSNEMBRA', 'JAYAPURA', '0000-00-00', 'TR', 71, 0, 71),
('22104981', 'CHRISTINA TIO TRISNA SARI', 'BANJARBARU', '0000-00-00', 'TR', 71, 0, 71),
('22104984', 'PARULIAN JOHNSON PAKAN', 'RANTEPAO', '0000-00-00', 'TR', 71, 0, 71),
('22104991', 'EZRA ANDRIANI SIHOTANG', 'TARAKAN', '0000-00-00', 'AR', 71, 0, 71),
('22104995', 'NOVIA TONAPA BASSY', 'AMBON', '0000-00-00', 'AR', 71, 0, 71),
('22104996', 'BHAREP PRAMONO PUTRA', 'JAYAPURA', '0000-00-00', 'A', 71, 0, 71),
('22104997', 'FAJAR ADI PRANATA', 'KLATEN', '0000-00-00', 'TR', 71, 0, 71),
('22105009', 'RIAN SRI KARINA', 'BEKASI', '0000-00-00', 'TR', 71, 0, 71),
('22910907', 'R. HARYAGUNG DWI SURYANTO', 'YOGYAKARTA', '0000-00-00', 'TR', 71, 0, 71),
('22921059', 'HARI SUGIARSO', 'PURWOKERTO', '0000-00-00', 'TA', 71, 0, 71),
('22951411', 'DRURY YUDISTIRA LUMENTA', 'JAKARTA', '0000-00-00', 'TA', 71, 0, 71),
('22951460', 'DANANG PUJO YUWONO', 'SUKOHARJO', '0000-00-00', 'TA', 71, 0, 71),
('22961494', 'JURIANTO', 'JAMBI', '0000-00-00', 'TA', 71, 0, 71),
('22961520', 'HETTY VIDHIANTI', 'PURWOKERTO', '0000-00-00', 'TA', 71, 0, 71),
('22961528', 'ESTER VERAWATI', 'WONOGIRI', '0000-00-00', 'TA', 71, 0, 71),
('22961555', 'CHARLES SURTANDI', 'MEDAN', '0000-00-00', 'TA', 71, 0, 71),
('22961604', 'TURMAN ROBINSON ELIM', 'KUPANG', '0000-00-00', 'TR', 71, 0, 71),
('22961622', 'TUNGGUL HANDOKO', 'COMAL', '0000-00-00', 'TR', 71, 0, 71),
('22961623', 'AGUS ARDIYANTO', 'KLATEN', '0000-00-00', 'TA', 71, 0, 71),
('22971751', 'SANDY GUNAWAN', 'YOGYAKARTA', '0000-00-00', 'TA', 71, 0, 71),
('22971752', 'BAYU NURTJAHYA', 'YOGYAKARTA', '0000-00-00', 'TA', 71, 0, 71),
('22971796', 'JUDI SETIAWAN', 'YOGYAKARTA', '0000-00-00', 'A', 71, 0, 71),
('22971797', 'SIMSON', 'BANTAENG, SULSEL', '0000-00-00', 'TE', 71, 0, 71),
('22971806', 'DIAN EKAWATI', 'MERAUKE', '0000-00-00', 'TE', 71, 0, 71),
('22971814', 'PRONGGO WIDONARTO', 'JAKARTA', '0000-00-00', 'TA', 71, 0, 71),
('22981876', 'FRANS HARDIANTO', 'PONTIANAK', '0000-00-00', 'TA', 71, 0, 71),
('22981923', 'HENDRY SETIAWAN WIBOWO', 'YOGYAKARTA', '0000-00-00', 'TA', 71, 0, 71),
('22981956', 'DYAH EKO WURI', 'SUNGAI GERONG', '0000-00-00', 'TA', 71, 0, 71),
('22982004', 'ERIK YUSRI HUTAGALUNG', 'DUMAI', '0000-00-00', 'TA', 71, 0, 71),
('22992142', 'SONNY HERMAWAN SURYADIPUTRA', 'MAGELANG', '0000-00-00', 'TR', 71, 0, 71),
('22992145', 'HALIM SANTOSO', 'YOGYAKARTA', '0000-00-00', 'TE', 71, 0, 71),
('22992216', 'PAULUS OKI BUDIYANTO WIBOWO', 'AMBARAWA', '0000-00-00', 'TA', 71, 0, 71),
('22992232', 'THOMAS NUGROHO UTOMO', 'WONOSOBO', '0000-00-00', 'TR', 71, 0, 71),
('22992233', 'YOHANES EKO WIBOWO', 'SURAKARTA', '0000-00-00', 'TA', 71, 0, 71),
('22992275', 'HENNI TANAMA TANIWIDJAJA', 'SURAKARTA', '0000-00-00', 'TR', 71, 0, 71),
('22992285', 'MARIO HASTOMO', 'PEKALONGAN', '0000-00-00', 'TA', 71, 0, 71),
('71110009', 'MIKAEL ANDI WAHYU KUNCORO', 'YOGYAKARTA', '0000-00-00', 'A', 71, 0, 71),
('71110011', 'KRISTIN ALDES PRATIWI', 'BANJARNEGARA', '0000-00-00', 'TS', 71, 0, 71),
('71110023', 'ADIMAS ANGGI WINATA', 'JAKARTA', '0000-00-00', 'AS', 71, 0, 71),
('71110026', 'IMANUEL FIDE OCTAVIANUS', 'MAGELANG', '0000-00-00', 'AS', 71, 0, 71),
('71110029', 'VERDY LAMSON TINAMBUNAN', 'YOGYAKARTA', '0000-00-00', 'A', 71, 0, 71),
('71110030', 'GRATIA DANU PAMUNGKAS', 'GUNUNG KIDUL', '0000-00-00', 'T', 71, 0, 71),
('71110040', 'DANIEL ROY SAPUTRO', 'SOLO', '0000-00-00', 'A', 71, 0, 71),
('71110041', 'MARTIN LIDAU', 'PONTIANAK', '0000-00-00', 'A', 71, 0, 71),
('71110047', 'CENDY CAHYO RAHMAT', 'YOGYAKARTA', '0000-00-00', 'T', 71, 0, 71),
('71110048', 'VINCENT ANTHONIO MARCO PARERA', 'SIDOARJO', '0000-00-00', 'T', 71, 0, 71),
('71110051', 'PHILIAKISHI BILHA', 'YOGYAKARTA', '0000-00-00', 'TS', 71, 0, 71),
('71110055', 'GANDI WIJATMIKO', 'JAKARTA', '0000-00-00', 'T', 71, 0, 71),
('71110066', 'YENNA FELYANA ANUGERAH', 'SEBERKAT', '0000-00-00', 'T', 71, 0, 71),
('71110075', 'DAGMAR MAMORI', 'JAYAPURA', '0000-00-00', 'T', 71, 0, 71),
('71110077', 'TIKY ADIKARA BUDI S', 'BANTUL', '0000-00-00', 'A', 71, 0, 71),
('71110083', 'FENDY SUKMAWIJAYA', 'GUNUNG KIDUL', '0000-00-00', 'T', 71, 0, 71),
('71110086', 'LEONARDUS RAMSES MASARDI', 'JAKARTA', '0000-00-00', 'A', 71, 0, 71),
('71110093', 'APRIAN MELWI SUKHENDRO KADJA', 'KUPANG', '0000-00-00', 'T', 71, 0, 71),
('71110096', 'EGA ASWIN HARIYANTO', 'MAGELANG', '0000-00-00', 'TS', 71, 0, 71),
('71110098', 'GREGORIUS BAYU INDRASMARA', 'YOGYAKARTA', '0000-00-00', 'T', 71, 0, 71),
('71110100', 'SAMUEL A PARINDING', 'JAYAPURA', '0000-00-00', 'T', 71, 0, 71),
('71110105', 'R ADITYA SETYAWAN', 'SLEMAN', '0000-00-00', 'T', 71, 0, 71),
('71110106', 'DAVID PANDE RAJA TUA SILITONGA', 'MADIUN', '0000-00-00', 'A', 71, 0, 71),
('71110111', 'AGATHA KRISTIANTO MALINO', 'MAKASSAR', '0000-00-00', 'T', 71, 0, 71),
('71110116', 'DAVID RIYAN SELONG', 'MALUKU UTARA', '0000-00-00', 'T', 71, 0, 71),
('71110118', 'SANDY OCNIEL CHRISTANTO LENGAM', 'FAK FAK', '0000-00-00', 'TP', 71, 0, 71),
('71110121', 'SILVIA OKTAVIANI PUSPANDINI', 'METRO LAMPUNG', '0000-00-00', 'T', 71, 0, 71),
('71110124', 'RONNY ADVISORI MARTOSEN S', 'SIKAKAP KEB.MENTAWAI', '0000-00-00', 'T', 71, 0, 71),
('71110125', 'SRI WIDYA KUSUMA I', 'YOGYAKARTA', '0000-00-00', 'TS', 71, 0, 71),
('71110127', 'DAVID AGUNG SAPUTRA', 'YOGYAKARTA', '0000-00-00', 'T', 71, 0, 71),
('71110128', 'GREGORIUS DIMAS HERJUNO', 'SLEMAN', '0000-00-00', 'T', 71, 0, 71),
('71110129', 'RIZKY PARSAORAN L TORUAN', 'KUALA KAPUAS', '0000-00-00', 'T', 71, 0, 71),
('71110139', 'RAMA PRAYUDA PRIBADI', 'MERAUKE', '0000-00-00', 'A', 71, 0, 71),
('71110145', 'SABAR TRI LESTARI', 'SUKOHARJO', '0000-00-00', 'T', 71, 0, 71),
('71110150', 'YESAYA KRISTIAN NIKO', 'KELAWIT', '0000-00-00', 'T', 71, 0, 71),
('71110151', 'PRABOWO SULUH PUTRO P', 'BANDUNG', '0000-00-00', 'AS', 71, 0, 71),
('71110154', 'DWIKIE INRIYANTO', 'PALU', '0000-00-00', 'T', 71, 0, 71),
('71110155', 'PASKA APRIANTO', 'KUALA KAPUAS', '0000-00-00', 'T', 71, 0, 71),
('71110159', 'ROY ALDO SITUMORANG', 'BALIGE', '0000-00-00', 'T', 71, 0, 71),
('71110160', 'GRACE AGITA PURBA', 'MEDAN', '0000-00-00', 'T', 71, 0, 71),
('71110161', 'GREGORIUS FRENGKI ANVER', 'MALANGKE', '0000-00-00', 'T', 71, 0, 71),
('71110162', 'MALCHIZEDICK P.H COSTA', 'YOGYAKARTA', '0000-00-00', 'TS', 71, 0, 71),
('71110165', 'LISTIA FEBRIANI', 'KULON PROGO', '0000-00-00', 'T', 71, 0, 71),
('71120003', 'ANTONI HARTONO', 'YOGYAKARTA', '0000-00-00', 'T', 71, 0, 71),
('71120005', 'NIKOLAS HERMAWAN', 'GUNUNG KIDUL', '0000-00-00', 'A', 71, 0, 71),
('71120009', 'HARRY TAN MAMANA KELIAT', 'DILLI', '0000-00-00', 'A', 71, 0, 71),
('71120010', 'STEVEN CHRISTIAN ARIEF', 'SURAKARTA', '0000-00-00', 'T', 71, 0, 71),
('71120011', 'LUSIUS PUPUT NURYANTO', 'WONOGIRI', '0000-00-00', 'A', 71, 0, 71),
('71120014', 'WILLY ISKANDAR', 'SLEMAN', '0000-00-00', 'T', 71, 0, 71),
('71120015', 'BAGAS PERMANA', 'WONOGIRI', '0000-00-00', 'T', 71, 0, 71),
('71120027', 'HUBERT PERMADI', 'MAGELANG', '0000-00-00', 'A', 71, 0, 71),
('71120029', 'ALFIAN LAKSONO', 'KLATEN', '0000-00-00', 'A', 71, 0, 71),
('71120038', 'MONIKA MARGI NUGRAHENI', 'YOGYAKARTA', '0000-00-00', 'A', 71, 0, 71),
('71120039', 'IGNATIUS IVAN DJAJUSMAN ADI', 'YOGYAKARTA', '0000-00-00', 'T', 71, 0, 71),
('71120041', 'HENDRA CH WEYDEKAMP', 'SORONG PAPNABARAT', '0000-00-00', 'A', 71, 0, 71),
('71120042', 'MARKOS SETIYO ADI', 'MOJOKERTO', '0000-00-00', 'A', 71, 0, 71),
('71120044', 'TRISNO PARHUSIP', 'JAYAPURA', '0000-00-00', 'A', 71, 0, 71),
('71120046', 'REZHA NANDA PERKASA', 'JAKARTA', '0000-00-00', 'A', 71, 0, 71),
('71120048', 'YOSHUA WIBOWO SALIM', 'SURAKARTA', '0000-00-00', 'A', 71, 0, 71),
('71120051', 'I.K CALVIN KRISHNA PUTRA', 'JAMBI', '0000-00-00', 'A', 71, 0, 71),
('71120053', 'JAI REZKIEL DWI SEMBEN', 'MERAUKE', '0000-00-00', 'A', 71, 0, 71),
('71120059', 'CHRISTIAN YONG MANSI', 'JAYAPURA', '0000-00-00', 'T', 71, 0, 71),
('71120061', 'ALBERTUS KRISMA ADITYA G', 'SLEMAN', '0000-00-00', 'A', 71, 0, 71),
('71120062', 'VIA DEBBY ISNARYANTO', 'KLATEN', '0000-00-00', 'T', 71, 0, 71),
('71120068', 'CATHARINA RATNA NURINGTYAS', 'JAKARTA', '0000-00-00', 'T', 71, 0, 71),
('71120071', 'SETYO ADINUGROHO', 'YOGYAKARTA', '0000-00-00', 'TS', 71, 0, 71),
('71120080', 'ADI NOVIANTO', 'CIREBON', '0000-00-00', 'A', 71, 0, 71),
('71120084', 'GANGGA PUTRA DHEWA', 'GUNUNGKIDUL', '0000-00-00', 'A', 71, 0, 71),
('71120087', 'ANINDITO WIDI PRABOWO', 'SOLO', '0000-00-00', 'T', 71, 0, 71),
('71120090', 'AGUNG KRISTANTO', 'MAGELANG', '0000-00-00', 'A', 71, 0, 71),
('71120091', 'JEFRY PERSADA AMAHORSEJA', 'MANOKWARI', '0000-00-00', 'A', 71, 0, 71),
('71120093', 'DICKY STEVEN T. GEA', 'MEDAN', '0000-00-00', 'T', 71, 0, 71),
('71120094', 'EDWARD LIPISTON', 'SANGATTA', '0000-00-00', 'AR', 71, 0, 71),
('71120097', 'EMMANUEL DIAN KHARISMA', 'BANTUL', '0000-00-00', 'A', 71, 0, 71),
('71120100', 'SANJAYA DEWA PRATAMA', 'BEKASI', '0000-00-00', 'TS', 71, 0, 71),
('71120102', 'INGGAR SAPUTRA', 'LOJAMAN', '0000-00-00', 'T', 71, 0, 71),
('71120103', 'WISTHA ADHIKA DYAN BHAWIKA', 'JAKARTA', '0000-00-00', 'AS', 71, 0, 71),
('71120104', 'RENDI', 'SURAKARTA', '0000-00-00', 'A', 71, 0, 71),
('71120105', 'NANDA ADI PRASETYA', 'SUKOHARJO', '0000-00-00', 'A', 71, 0, 71),
('71120108', 'DESEND SOUHUWAT', 'BULA', '0000-00-00', 'AS', 71, 0, 71),
('71120109', 'ELISA KBAREK', 'BIAK', '0000-00-00', 'A', 71, 0, 71),
('71120110', 'AGUSTINUS BORA BILI', 'WAIKABUBAK', '0000-00-00', 'T', 71, 0, 71),
('71120112', 'KENNETH BRICE SIANGGARA', 'SURAKARTA', '0000-00-00', 'T', 71, 0, 71),
('71120119', 'RAYNOR ANDERSON SITINJAK', 'BALIKPAPAN', '0000-00-00', 'CS', 71, 0, 71),
('71120121', 'LEO AGUNG DANDHY SATRIO', 'AMBON', '0000-00-00', 'TS', 71, 0, 71),
('71120122', 'TONGAM J.N. SIMANJUNTAK', 'MANOKWARI', '0000-00-00', 'A', 71, 0, 71),
('71120123', 'EMANUEL REYNALDO NOSELYA', 'SAMARINDA', '0000-00-00', 'T', 71, 0, 71),
('71120124', 'ALAN DARMAWAN LOLO', 'POSO', '0000-00-00', 'A', 71, 0, 71),
('71120126', 'LEONARD BORNEO', 'PONTIANAK', '0000-00-00', 'T', 71, 0, 71),
('71120130', 'SAMUEL ANDRY GUNAWAN', 'BAJAWA, FLORES', '0000-00-00', 'AS', 71, 0, 71),
('71120131', 'ANGGIT WASKITHA YUDHA', 'CILACAP', '0000-00-00', 'A', 71, 0, 71),
('71120132', 'BUDI SETIAWAN LAKUKUA', 'LUWUK', '0000-00-00', 'T', 71, 0, 71),
('71120134', 'I PUTU DHARMA PUTRA KRESNA', 'YOGYAKARTA', '0000-00-00', 'A', 71, 0, 71),
('71120137', 'JOHAN KALORBOBIR', 'DOBO', '0000-00-00', 'A', 71, 0, 71),
('71120139', 'PASKALIS PASKA P H WENGE', 'JAKARTA', '0000-00-00', 'A', 71, 0, 71),
('71120141', 'JOSEPH PAUL DENNY SISWANTO', 'CILACAP', '0000-00-00', 'T', 71, 0, 71),
('71120148', 'HAKE Y SITUMORANG', 'BINTUNI', '0000-00-00', 'A', 71, 0, 71),
('71120149', 'RICO PARDOMUAN PURBA', 'KUALA TUNGKAL', '0000-00-00', 'T', 71, 0, 71),
('71120152', 'F. ASS. RAHARDIAN RAKA. D', 'CILACAP', '0000-00-00', 'TS', 71, 0, 71),
('71120155', 'RICKY FERNANDO SIMANJUNTAK', 'ACEH SELATAN', '0000-00-00', 'TS', 71, 0, 71),
('71120156', 'FLORIANUS BIMO WICAKSONO', 'LUMAJANG', '0000-00-00', 'T', 71, 0, 71),
('71120158', 'DENNYS ADVENINO PULO', 'TOBELO', '0000-00-00', 'TS', 71, 0, 71),
('71120159', 'RICARDO ADOLF VALENTINO TEHUSALAWANY', 'SOROWAKO', '0000-00-00', 'T', 71, 0, 71),
('71120160', 'ADITYA IVAN TJAHYADI', 'SURAKARTA', '0000-00-00', 'T', 71, 0, 71),
('71120161', 'TONI KRISTIAN', 'YOGYAKARTA', '0000-00-00', 'AS', 71, 0, 71),
('71120163', 'THEOPERISOS CYPRIANUS SELEKY', '', '0000-00-00', 'A', 71, 0, 71),
('71120170', 'TRI RETNO PAMBUDI', 'CILACAP', '0000-00-00', 'T', 71, 0, 71),
('71130003', 'RULLY ADHI PERDANA', 'SURAKARTA', '0000-00-00', 'AR', 71, 0, 71),
('71130006', 'R. YOSA MIKHA PANGESTU', 'BANTUL', '0000-00-00', 'AR', 71, 0, 71),
('71130016', 'IMANUEL WISNU SETYA AJI', 'KLATEN', '0000-00-00', 'AR', 71, 0, 71),
('71130017', 'DAVID KRISTIAWAN', 'JAKARTA', '0000-00-00', 'A', 71, 0, 71),
('71130018', 'DANIEL KRISTIAWAN', 'JAKARTA', '0000-00-00', 'AR', 71, 0, 71),
('71130022', 'REINER STEVEN SETIONO', 'SURAKARTA', '0000-00-00', 'A', 71, 0, 71),
('71130025', 'YOSHUA CHRISMESA SIREGAR', '   SRAGEN', '0000-00-00', 'T', 71, 0, 71),
('71130026', 'YOHANES', 'JAMBI', '0000-00-00', 'AR', 71, 0, 71),
('71130027', 'DANNY JOE DOZAN', 'MAGELANG', '0000-00-00', 'AR', 71, 0, 71),
('71130029', 'AGUSTIANTO PURNOMO', 'TARAKAN', '0000-00-00', 'AR', 71, 0, 71),
('71130030', 'JONATHAN ADITYA', 'YOGYAKARTA', '0000-00-00', 'AR', 71, 0, 71),
('71130032', 'DIAN PERMATA SUWANDI', 'PURWOREJO', '0000-00-00', 'AR', 71, 0, 71),
('71130034', 'HENDRO SETIADI', 'SUMENEP', '0000-00-00', 'A', 71, 0, 71),
('71130039', 'ALFONSUS AGUNG WAYANTO L', 'PEKALONGAN', '0000-00-00', 'AR', 71, 0, 71),
('71130040', 'CHARISTA ELLIANNI CHRISTANTO', 'MAGELANG', '0000-00-00', 'AR', 71, 0, 71),
('71130041', 'NICO RAYNALDO', 'KEBUMEN', '0000-00-00', 'AR', 71, 0, 71),
('71130043', 'HOO SIEN LIE', 'PURWOREJO', '0000-00-00', 'AR', 71, 0, 71),
('71130045', 'HIROSHI JUNIO CHANDRA', 'PURWOKERTO', '0000-00-00', 'AR', 71, 0, 71),
('71130047', 'ARYO GALIH PRAKOSO', '', '0000-00-00', 'A', 71, 0, 71),
('71130050', 'EGA PRATHAMA', 'SURAKARTA', '0000-00-00', 'AR', 71, 0, 71),
('71130051', 'RAY EL ROY', 'TEMANGGUNG', '0000-00-00', 'AR', 71, 0, 71),
('71130052', 'STEVIAN SUNADI', 'LUBUK LINGGAU', '0000-00-00', 'AR', 71, 0, 71),
('71130053', 'YOSHUA STEFAN', 'BANJARNEGARA', '0000-00-00', 'AR', 71, 0, 71),
('71130056', 'EDO PRASETIA WIJAYA KHAIRIL', 'PADANG', '0000-00-00', 'AR', 71, 0, 71),
('71130059', 'DANIEL ANGGRAITO', 'MAGELANG', '0000-00-00', 'AR', 71, 0, 71),
('71130060', 'EVAN SETIAWAN', 'MAGELANG', '0000-00-00', 'AR', 71, 0, 71),
('71130061', 'DEDY SUSANTO', 'SURAKARTA', '0000-00-00', 'AR', 71, 0, 71),
('71130062', 'NUGROHO CHRISTIANTO', 'CILACAP', '0000-00-00', 'AR', 71, 0, 71),
('71130064', 'EVAN HADRIAN YUGO PRASTAWA', 'KLATEN', '0000-00-00', 'TR', 71, 0, 71),
('71130065', 'DANIEL IMAN KRISTIANTO', 'YOGYAKARTA', '0000-00-00', 'AR', 71, 0, 71),
('71130067', 'LUKE NUGROHO RAHARJO', 'GROBOGAN', '0000-00-00', 'AR', 71, 0, 71),
('71130068', 'HENDI HENDARWAN', 'PURWOREJO', '0000-00-00', 'AR', 71, 0, 71),
('71130069', 'DIAZ ADI NUGROHO', 'MALANG', '0000-00-00', 'T', 71, 0, 71),
('71130070', 'BERLIAN HATMA RANTRA', 'BANTUL', '0000-00-00', 'AR', 71, 0, 71),
('71130072', 'VINCENTIUS NUARIYANTINO', 'KULON PROGO', '0000-00-00', 'AR', 71, 0, 71),
('71130073', 'AGUSTINUS HARYO KRIS P', 'SURAKARTA', '0000-00-00', 'AR', 71, 0, 71),
('71130074', 'ANGGA SEPTA AJI', 'YOGYAKARTA', '0000-00-00', 'AR', 71, 0, 71),
('71130075', 'GIGIH YANUAR PRABAWA', 'SLEMAN', '0000-00-00', 'AR', 71, 0, 71),
('71130076', 'YOSEFAN HARRYANTO', 'BANDUNG', '0000-00-00', 'AR', 71, 0, 71),
('71130077', 'DESY ADY KRISTIAN', 'TEMANGGUNG', '0000-00-00', 'AR', 71, 0, 71),
('71130079', 'KLEOPAS AJI PRAKOSA', 'BALIKPAPAN', '0000-00-00', 'AR', 71, 0, 71),
('71130081', 'CHOSSY PRATAMA', 'PALANGKARAYA', '0000-00-00', 'AR', 71, 0, 71),
('71130082', 'WILLY AGUSTINUS SANTOSA', 'SURABAYA', '0000-00-00', 'TR', 71, 0, 71),
('71130084', 'PUNTO DAMAR PRIHAMBODO', 'GUNUNG KIDUL', '0000-00-00', 'AR', 71, 0, 71),
('71130085', 'RIFAN VENTURA BANGUN', 'MEDAN', '0000-00-00', 'PB', 71, 0, 71),
('71130088', 'NUGROHO ARIE MUKTI', 'YOGYAKARTA', '0000-00-00', 'AR', 71, 0, 71),
('71130089', 'EKO KRISTIAN TASLIM', 'SANGGAU', '0000-00-00', 'TR', 71, 0, 71),
('71130091', 'MUHAMMAD FAIZAL S', 'SURAKARTA', '0000-00-00', 'TS', 71, 0, 71),
('71130092', 'MIKAEL MELIALA', 'MEDAN', '0000-00-00', 'PB', 71, 0, 71),
('71130093', 'ALUISIUS SUGENG RAHARJO', 'MEGANG SAKTI', '0000-00-00', 'AR', 71, 0, 71),
('71130095', 'VETO BAHANA', 'YOGYAKARTA', '0000-00-00', 'TR', 71, 0, 71),
('71130096', 'ADITYA FAJAR KRISTANTO', 'GROBONGAN', '0000-00-00', 'AR', 71, 0, 71),
('71130097', 'RUDDY CAHYANTO', 'BELITANG', '0000-00-00', 'AR', 71, 0, 71),
('71130099', 'ARIS MARIO SIWABESSY', 'FAKFAK', '0000-00-00', 'TR', 71, 0, 71),
('71130101', 'STEVANUS TJANDRA', 'GORONTALO', '0000-00-00', 'AR', 71, 0, 71),
('71130102', 'ABDURRAHMANI', 'KUALA KAPUAS', '0000-00-00', 'TS', 71, 0, 71),
('71130103', 'YOSAFAT CHRISTIAN HARIYANTO', 'DENPASAR', '0000-00-00', 'AR', 71, 0, 71),
('71130104', 'PAULUS ANGKY MAHARDIKA', 'SLEMAN', '0000-00-00', 'AR', 71, 0, 71),
('71130106', 'I PUTU GEDE PRAWIRA', 'MAGETAN', '0000-00-00', 'AR', 71, 0, 71),
('71130107', 'MARIA DEWITA R RAHARUSUN', 'FAKFAK', '0000-00-00', 'TR', 71, 0, 71),
('71130108', 'NILAM PERMATA P KAKANSING', 'MANADO', '0000-00-00', 'AR', 71, 0, 71),
('71130109', 'KEVIN SEPTIAN', 'JAKARTA', '0000-00-00', 'AR', 71, 0, 71),
('71130110', 'DAFI HIRDHANANDA', 'YOGYAKARTA', '0000-00-00', 'A', 71, 0, 71),
('71130111', 'DENI ARIYANTO ABADI', 'SLEMAN', '0000-00-00', 'AR', 71, 0, 71),
('71130112', 'YOHANES DWI RAHARJO', 'KARANGANYAR', '0000-00-00', 'AR', 71, 0, 71),
('71130113', 'GREIN GEORGE T WUTOY', 'SORONG', '0000-00-00', 'AR', 71, 0, 71),
('71130114', 'MIKHAEL MEIER', 'BALIKPAPAN', '0000-00-00', 'AR', 71, 0, 71),
('71130115', 'SAGARA MAHARDIKA SUNARYO', 'PEKANBARU', '0000-00-00', 'AR', 71, 0, 71),
('71130116', 'ESTER ERNITA WATI SIREGAR', 'SANGATTA', '0000-00-00', 'AR', 71, 0, 71),
('71130118', 'YOSUA WILLY KURNIAWAN', 'YOGYAKARTA', '0000-00-00', 'TR', 71, 0, 71),
('71130120', 'ANDREAS YUDHA WIBOWO', 'KLUNGKUNG', '0000-00-00', 'TR', 71, 0, 71),
('71130122', 'DENNIS MARKUS OKTAVIANUS', 'PALANGKARAYA', '0000-00-00', 'AR', 71, 0, 71),
('71130124', 'SEAN BERDY I SUYASA PUTRA', 'AMBON', '0000-00-00', 'PB', 71, 0, 71),
('71130125', 'UNTUNG PUTERA EMAS', 'TARAKAN', '0000-00-00', 'AR', 71, 0, 71),
('71130130', 'PASCALIS PARESKA TRESTANING W', 'YOGYAKARTA', '0000-00-00', 'TS', 71, 0, 71),
('71130131', 'ADETA MARLYAM HENDIKA', 'BALIKPAPAN', '0000-00-00', 'TR', 71, 0, 71),
('71130132', 'LUKE NUGROHO KRISTANTO', 'MAGELANG', '0000-00-00', 'PB', 71, 0, 71),
('71130133', 'RANI SUPUSEPA', 'MAKALE', '0000-00-00', 'TR', 71, 0, 71),
('71130137', 'FRANSISKUS X. R. SUMAMPOUW', 'MANADO', '0000-00-00', 'AR', 71, 0, 71),
('71130138', 'YOLANDA YULIANY A UR', 'AMBON', '0000-00-00', 'TR', 71, 0, 71),
('71130140', 'FERDI ANGGA NOVIANTO', 'PONTIANAK', '0000-00-00', 'AR', 71, 0, 71),
('71130141', 'ALBERTUS MICHAEL HARIYANTO', 'MAGELANG', '0000-00-00', 'AR', 71, 0, 71),
('71130142', 'NOVANDY SUTAN MANASAR', 'KISARAN', '0000-00-00', 'AS', 71, 0, 71),
('71130143', 'YOHANNES ANDITAYOGA', 'SLEMAN', '0000-00-00', 'PB', 71, 0, 71),
('71130146', 'YERU ADI PANYAYUB', 'YOGYAKARTA', '0000-00-00', 'AR', 71, 0, 71),
('71130147', 'BILL EDWARD BUTAR-BUTAR', 'PENDOPO', '0000-00-00', 'AR', 71, 0, 71),
('71130148', 'WILLIAM ALFA JOE RANTETONDOK', 'RANTEPAO', '0000-00-00', 'TR', 71, 0, 71),
('71130149', 'PUJIASTUTI', 'BALIKPAPAN', '0000-00-00', 'AS', 71, 0, 71),
('71130151', 'HENDRIYANUS SEPTIADY LOWIS', 'KUPANG', '0000-00-00', 'T', 71, 0, 71),
('71130152', 'PRADANA ADITYA RANGGEN', 'BONTANG', '0000-00-00', 'AS', 71, 0, 71),
('71130153', 'I WAYAN SUDI ADNYANA', 'MANISTUTU', '0000-00-00', 'A', 71, 0, 71),
('71130154', 'YAKUB KLEING', 'COVALIMA', '0000-00-00', 'TS', 71, 0, 71),
('71130155', 'ESTER INTANSARI PAPOIWO', 'SINGKONA', '0000-00-00', 'T', 71, 0, 71),
('71130157', 'PRADNAN KRISNARA BUDI', 'YOGYAKARTA', '0000-00-00', 'PB', 71, 0, 71),
('71130158', 'RICKY ATMAWIGUNA', 'JAKARTA', '0000-00-00', 'T', 71, 0, 71),
('71130159', 'BARTHOLOMEUS ESTA PRANOWO JATI', 'SLEMAN', '0000-00-00', 'AR', 71, 0, 71),
('71130161', 'AGUSTINUS BOGGY WICAKSANA', 'SLEMAN', '0000-00-00', 'AR', 71, 0, 71),
('71130162', 'THEOGRATSIA JOSEPIN HEHANUSSA', 'ARMA', '0000-00-00', 'TS', 71, 0, 71),
('71130163', 'ALDO MANASYE', 'JAKARTA', '0000-00-00', 'TR', 71, 0, 71),
('71130164', 'HELVIQI YOSUA AGUS PAMUNGKAS', 'CILACAP', '0000-00-00', 'AS', 71, 0, 71),
('71130165', 'ALBERT SETIADI', 'JAMBI', '0000-00-00', 'TP', 71, 0, 71),
('71130166', 'MUHAMMAD AGUS FARIS', 'KUDUS', '0000-00-00', 'AR', 71, 0, 71),
('71130168', 'DANIEL ADI BAROTO', 'PALEMBANG', '0000-00-00', 'TR', 71, 0, 71),
('71140002', 'HANS SEBASTIAN HALIM', 'MAGELANG', '0000-00-00', 'AR', 71, 0, 71),
('71140003', 'MICHAEL NATANAEL', 'BANDUNG', '0000-00-00', 'AR', 71, 0, 71),
('71140004', 'VALDI HARIS ADI NUGROHO', 'KLATEN', '0000-00-00', 'AR', 71, 0, 71),
('71140005', 'FIDELIA VERA SENTOSA', 'WONOGIRI', '0000-00-00', 'AR', 71, 0, 71),
('71140006', 'JUAN CHRISTIAN TJANDRA', 'SURAKARTA', '0000-00-00', 'AR', 71, 0, 71),
('71140007', 'ALEXANDER ADITYA PRATAMAPUTRA', 'YOGYAKARTA', '0000-00-00', 'AR', 71, 0, 71),
('71140009', 'RICKY FAJAR ADIPUTRA RAHARJO', 'BANYUMAS', '0000-00-00', 'AR', 71, 0, 71),
('71140010', 'JONATHAN HANS SANTOSA', 'WONOGIRI', '0000-00-00', 'AR', 71, 0, 71),
('71140011', 'YEHEZKIEL', 'JAKARTA', '0000-00-00', 'AR', 71, 0, 71),
('71140012', 'YOSEF DWIASTANTO NUGROHO', 'GUNUNGKIDUL', '0000-00-00', 'AR', 71, 0, 71),
('71140014', 'TINTON EL YUSELA PUTERA', 'SLEMAN', '0000-00-00', 'AR', 71, 0, 71),
('71140017', 'STEPHAN KENT DIORIZKY WIJAYA', 'YOGYAKARTA', '0000-00-00', 'AR', 71, 0, 71),
('71140018', 'WILLIAM RUDY SUDARWAN', 'YOGYAKARTA', '0000-00-00', 'TR', 71, 0, 71),
('71140019', 'BERYL VALGIAN', 'METRO', '0000-00-00', 'AR', 71, 0, 71),
('71140020', 'DANIEL PRADANA', 'BATAM', '0000-00-00', 'AR', 71, 0, 71),
('71140021', 'SATRIO ADI PRAKOSO', 'METRO', '0000-00-00', 'AR', 71, 0, 71),
('71140022', 'STEPHANI NUGROHO', 'MAGELANG', '0000-00-00', 'AR', 71, 0, 71),
('71140023', 'SAMUEL REYNALDI', 'BEKASI', '0000-00-00', 'AR', 71, 0, 71),
('71140024', 'WAHYUNI', 'TEMANGGUNG', '0000-00-00', 'AR', 71, 0, 71),
('71140026', 'STEVAN JANIS ANANDITA HALAWA', 'GROBOGAN', '0000-00-00', 'AR', 71, 0, 71),
('71140027', 'RADEN PARAMA SATYA', 'JAKARTA', '0000-00-00', 'AR', 71, 0, 71),
('71140028', 'ALBERT AGUNG BILLI SUPANGKAT', 'TEMANGGUNG', '0000-00-00', 'AR', 71, 0, 71),
('71140030', 'PETER JIMIE KUSUMA', 'AMPENAN', '0000-00-00', 'AR', 71, 0, 71),
('71140031', 'HENDRIKUS ADITYA DWI PAMUNGKAS', 'SLEMAN', '0000-00-00', 'AR', 71, 0, 71),
('71140032', 'ANTONIE MICHAEL VERSTRATEN', 'YOGYAKARTA', '0000-00-00', 'AR', 71, 0, 71),
('71140033', 'R. ALEXANDER JOHAN CHRISTIAN K', 'YOGYAKARTA', '0000-00-00', 'AR', 71, 0, 71),
('71140034', 'ALDO KURNIANTO WIBOWO', 'SLEMAN', '0000-00-00', 'AR', 71, 0, 71),
('71140035', 'GIHON SUSBIANTO', 'WONOGIRI', '0000-00-00', 'AR', 71, 0, 71),
('71140036', 'ALAN RAHADIAN DHARMASAPUTRA', 'PURWOKERTO', '0000-00-00', 'TR', 71, 0, 71),
('71140037', 'DIMAS PANGESTU', 'BANTUL', '0000-00-00', 'AR', 71, 0, 71),
('71140038', 'JORDI RIADI', 'BALIKPAPAN', '0000-00-00', 'AR', 71, 0, 71),
('71140039', 'SIMON BUDI HERMANTO', 'YOGYAKARTA', '0000-00-00', 'AR', 71, 0, 71),
('71140040', 'ERWIN WINATA', 'PEMANGKAT', '0000-00-00', 'AR', 71, 0, 71),
('71140041', 'PRILLY COSTANTIN TARIGAN', 'KABANJAHE', '0000-00-00', 'AR', 71, 0, 71),
('71140043', 'FX REZA ADITYA PUTRA', 'KLATEN', '0000-00-00', 'AR', 71, 0, 71),
('71140044', 'GUNAWAN TIBI SANTOSO', 'SORONG', '0000-00-00', 'AR', 71, 0, 71),
('71140045', 'RYAN CHARLIE', 'MANADO', '0000-00-00', 'AR', 71, 0, 71),
('71140046', 'CHRISYE I LUTHER PALENDENG', 'TOMOHON', '0000-00-00', 'TR', 71, 0, 71),
('71140047', 'RISANTO YOGOTOMO', 'YOGYAKARTA', '0000-00-00', 'AR', 71, 0, 71),
('71140048', 'WAHYU KRISTANTO', 'METRO', '0000-00-00', 'AR', 71, 0, 71),
('71140049', 'ELUZAI ADI PRAKOSO', 'PALANGKARAYA', '0000-00-00', 'TR', 71, 0, 71),
('71140050', 'ANTON SUSILO', 'KLATEN', '0000-00-00', 'AR', 71, 0, 71),
('71140051', 'MELDY SAIMON PINONTOAN', 'BATU KAJANG', '0000-00-00', 'AR', 71, 0, 71),
('71140052', 'MICHAEL YEUNG', 'SURAKARTA', '0000-00-00', 'AR', 71, 0, 71),
('71140053', 'LUKAS FELANO NAYOAN', 'SLEMAN', '0000-00-00', 'AR', 71, 0, 71),
('71140054', 'ANDRE ERLANDO', 'JAMBI', '0000-00-00', 'AR', 71, 0, 71),
('71140057', 'HOSEA WAISMAN DANNARI', 'SERUI', '0000-00-00', 'TR', 71, 0, 71),
('71140058', 'BUDI SURYA HALIM', 'BEKASI', '0000-00-00', 'AR', 71, 0, 71),
('71140060', 'ALBERT GUNAWAN', 'KEDIRI', '0000-00-00', 'TR', 71, 0, 71),
('71140061', 'ARTHUR HERUAN ADIPRADANA', 'YOGYAKARTA', '0000-00-00', 'AR', 71, 0, 71),
('71140062', 'DANIEL FELIX SETIAWAN', 'SURAKARTA', '0000-00-00', 'AR', 71, 0, 71),
('71140063', 'ADHI KHARISMA YUSTISIO', 'SURAKARTA', '0000-00-00', 'AR', 71, 0, 71),
('71140064', 'ANDRE SELTUBIR', 'SENTANI', '0000-00-00', 'AR', 71, 0, 71),
('71140065', 'OLIVIA CITRA DEWI HUTAPEA', 'SORONG', '0000-00-00', 'AR', 71, 0, 71),
('71140066', 'FRIDOLIN ANDRE TISERA', 'MENYUMBUNG', '0000-00-00', 'AR', 71, 0, 71),
('71140067', 'TIMOTHY KEVIN MULYANTO', 'MAGELANG', '0000-00-00', 'TR', 71, 0, 71),
('71140068', 'JONATHAN RICARDO HUTABARAT', 'PONTIANAK', '0000-00-00', 'CS', 71, 0, 71),
('71140069', 'YOSHI DHARMAN', 'BANDAR LAMPUNG', '0000-00-00', 'AR', 71, 0, 71),
('71140071', 'JULIYANTO DIO S.LOBO', 'RANTEPAO', '0000-00-00', 'TR', 71, 0, 71),
('71140072', 'YUDYAN DAMAI KUNCORO', 'GROBONGAN', '0000-00-00', 'TR', 71, 0, 71),
('71140073', 'FAJAR NUGROHO WIDHI', 'MALANG', '0000-00-00', 'TR', 71, 0, 71),
('71140074', 'IRMELIANA MUTIARA PONGBALA', 'RANTEPAO', '0000-00-00', 'AR', 71, 0, 71),
('71140075', 'AGY WICAKSANA', 'MAKASSAR', '0000-00-00', 'AR', 71, 0, 71),
('71140076', 'CHELSEA OLIVERA YULISANTOSA', 'CILACAP', '0000-00-00', 'TR', 71, 0, 71),
('71140077', 'MARTHEN LUTHERDIVA CLAUS MAAY', 'SERUI', '0000-00-00', 'TR', 71, 0, 71),
('71140078', 'VERDHA AYU PARAMITHA', 'YOGYAKARTA', '0000-00-00', 'AR', 71, 0, 71),
('71140080', 'EMYLIA INTAN LISTYANINGSIH', 'SEMARANG', '0000-00-00', 'AR', 71, 0, 71),
('71140081', 'ANDREAN SETIAWAN', 'SURAKARTA', '0000-00-00', 'TR', 71, 0, 71),
('71140082', 'DOMINICUS ARIEL CHRISTIANTO', 'YOGYAKARTA', '0000-00-00', 'AR', 71, 0, 71),
('71140085', 'DANIEL WICAKSONO', 'KLATEN', '0000-00-00', 'AR', 71, 0, 71),
('71140086', 'THOMAS FERRY SANJAYA', 'MAGELANG', '0000-00-00', 'AR', 71, 0, 71),
('71140087', 'GRISELA DIKI ARDIYANTO', 'WONOSOBO', '0000-00-00', 'TR', 71, 0, 71),
('71140088', 'STEFANUS INDRAWAN', 'LUBUKLINGGAU', '0000-00-00', 'AR', 71, 0, 71),
('71140089', 'NIKSON S. WOHANGARA', 'ELOPADA', '0000-00-00', 'AR', 71, 0, 71),
('71140090', 'TEODERIKUS F. Y. Y. PUTERA', 'YOGYAKARTA', '0000-00-00', 'AR', 71, 0, 71),
('71140091', 'OFRI CANTIKA VALENT', 'KLATEN', '0000-00-00', 'AR', 71, 0, 71),
('71140092', 'FINDY SILVANA TATUH', 'TERNATE', '0000-00-00', 'AR', 71, 0, 71),
('71140093', 'LEA DESTIANY TANIWEL', 'TERNATE', '0000-00-00', 'AR', 71, 0, 71),
('71140094', 'KARLINA', 'LNG LESS', '0000-00-00', 'AR', 71, 0, 71),
('71140095', 'WISNU PRAMUDITYA', 'YOGYAKARTA', '0000-00-00', 'AR', 71, 0, 71),
('71140096', 'CYNDY ALISIA LUMBAN GAOL', 'SAMARINDA', '0000-00-00', 'AR', 71, 0, 71),
('71140097', 'ADHE. S. PRIMARAY SIHOMBING', 'TOMOHON', '0000-00-00', 'AR', 71, 0, 71),
('71140098', 'LEONARDO SENDY DWI ATMOKO', 'YOGYAKARTA', '0000-00-00', 'AR', 71, 0, 71),
('71140099', 'HABRYANTHO KALA''PADANG', 'UJUNGPANDANG', '0000-00-00', 'AR', 71, 0, 71),
('71140100', 'STEFANNO ANANDITYA RODANSIO', 'SLEMAN', '0000-00-00', 'TR', 71, 0, 71),
('71140101', 'CLEMENTIO CARTENZ DERIO', 'MAKASAR', '0000-00-00', 'AR', 71, 0, 71),
('71140102', 'ALBERT CAMUS JUNIVER DAMANIK', 'PURWOKERTO', '0000-00-00', 'TR', 71, 0, 71),
('71140104', 'DANIEL ROBERTO SUNARYO', 'SIDOARJO', '0000-00-00', 'TR', 71, 0, 71),
('71140105', 'ERICSON RUMUY', 'KATALOKA', '0000-00-00', 'AR', 71, 0, 71),
('71140106', 'STEISHY MEGA JOHANIS', 'LATBEAN', '0000-00-00', 'AR', 71, 0, 71),
('71140107', 'STEFANUS ERLANGGA EVRANTO', 'PALU', '0000-00-00', 'AR', 71, 0, 71),
('71140109', 'SUDARMAN', 'AMAKAE', '0000-00-00', 'A', 71, 0, 71),
('71140111', 'MARIO DE VEGA', 'MAKALE', '0000-00-00', 'TR', 71, 0, 71),
('71140112', 'ISHAK YEHEZKIEL SAFLEMBOLO', 'BIAK', '0000-00-00', 'TR', 71, 0, 71),
('71140113', 'KAREL KALPITO', 'PURWOREJO', '0000-00-00', 'A', 71, 0, 71),
('71140114', 'AGUNG HARTONO', 'SURAKARTA', '0000-00-00', 'A', 71, 0, 71),
('71140116', 'ALLAN TOMY CORNELIS', 'KUPANG', '0000-00-00', 'T', 71, 0, 71),
('71140119', 'SPENYEL HAMADI', 'JAYAPURA', '0000-00-00', 'A', 71, 0, 71),
('71140122', 'COR HANDIKA SAWAI', 'ABEPURA', '0000-00-00', 'TR', 71, 0, 71),
('71140123', 'BENHART HANGGA PUTRA', 'PURWEREJO', '0000-00-00', 'T', 71, 0, 71),
('71150001', 'PATRICIA SHERLY MELIANA', 'YOGYAKARTA', '0000-00-00', 'A', 71, 0, 71),
('71150002', 'FELIX EVAN SANTOSO', 'PURWOREJO', '0000-00-00', 'A', 71, 0, 71),
('71150003', 'NATHANIEL CLARENCE HARYANTO', 'YOGYAKARTA', '0000-00-00', 'A', 71, 0, 71),
('71150004', 'REXY DWY BRUNDY', 'KETAPANG', '0000-00-00', 'A', 71, 1, 1),
('71150005', 'MICHELL BERNARDI SUSANTO', 'YOGYAKARTA', '0000-00-00', 'A', 71, 1, 1),
('71150006', 'JOHAN ALDA', 'WONOSOBO', '0000-00-00', 'A', 71, 1, 1),
('71150007', 'MARIA THERESA RAHARDJO', 'SLEMAN', '0000-00-00', 'A', 71, 1, 1),
('71150008', 'DIO PRAMANTHA', 'TARAKAN', '0000-00-00', 'A', 71, 1, 1),
('71150009', 'KATON GILANG BAGASKARA', 'PURBALINGGA', '0000-00-00', 'A', 71, 0, 71),
('71150010', 'ANGELA CHANDRA SANGKALA', 'SLEMAN', '0000-00-00', 'A', 71, 0, 71),
('71150011', 'YOSEF RESI AUGMANTO', 'BANDUNG', '0000-00-00', 'A', 71, 0, 71),
('71150012', 'ALOYSIUS ADHYATMA HERFANGSYAH', 'KEBUMEN', '0000-00-00', 'A', 71, 0, 71),
('71150013', 'TIMOTHY DICKY HERLAMBANG', 'KLATEN', '0000-00-00', 'A', 71, 0, 71),
('71150014', 'YOEL TANUJAYA', 'YOGYAKARTA', '0000-00-00', 'A', 71, 0, 71),
('71150015', 'GAMALAEL WAHYU CAKRANINGRAT', 'JAKARTA', '0000-00-00', 'A', 71, 0, 71),
('71150016', 'VIEVIN EFENDY', 'SURAKARTA', '0000-00-00', 'A', 71, 0, 71),
('71150017', 'ADIEL JULIO', 'SURAKARTA', '0000-00-00', 'A', 71, 0, 71),
('71150018', 'YOSAFAT RANDY NUGRAHATAMA J.', 'YOGYAKARTA', '0000-00-00', 'A', 71, 0, 71),
('71150019', 'FRENDY ANDRIUS', 'TEMANGGUNG', '0000-00-00', 'A', 71, 0, 71),
('71150020', 'ALBERTUS ISTORA PAHALA', 'BANDUNG', '0000-00-00', 'A', 71, 0, 71),
('71150021', 'YOEL PUTRA BUDIONO', 'KUDUS', '0000-00-00', 'A', 71, 0, 71),
('71150022', 'IVAN APRILIANO SETIAWAN', 'YOGYAKARTA', '0000-00-00', 'A', 71, 0, 71),
('71150024', 'GRANLY HIZKYA RUMONDOR', 'TOMOHON', '0000-00-00', 'A', 71, 0, 71),
('71150025', 'NATHANAEL ORVIN HANITYA C', 'SULAWESI UTARA', '0000-00-00', 'A', 71, 0, 71),
('71150026', 'BHERNARDIN ERRYCO GAGAH P', 'SLEMAN', '0000-00-00', 'A', 71, 0, 71),
('71150027', 'RAYMOND KURNIAWAN', 'MAGELANG', '0000-00-00', 'A', 71, 0, 71),
('71150028', 'ANDREAS RILO KEVIN RITONGA', 'GIANYAR', '0000-00-00', 'A', 71, 0, 71),
('71150029', 'RENDY SETIAWAN', 'JAMBI', '0000-00-00', 'A', 71, 0, 71),
('71150030', 'MERLA NINDYA PUTRI', 'KUDUS', '0000-00-00', 'A', 71, 0, 71),
('71150031', 'YOSIAS EVAN ARDIAN', 'BANTUL', '0000-00-00', 'A', 71, 0, 71),
('71150032', 'DODY IVANA', 'SINTANG', '0000-00-00', 'A', 71, 0, 71),
('71150033', 'IMMANUEL RONI KRISTIAN HANDOKO', 'BANTUL', '0000-00-00', 'A', 71, 0, 71),
('71150034', 'YOAS MAASEA', 'YOGYAKARTA', '0000-00-00', 'A', 71, 0, 71),
('71150035', 'ANTONIUS DIMAS PRADANA', 'KLATEN', '0000-00-00', 'A', 71, 0, 71),
('71150036', 'INGGAR SATRIAWAN', 'BANDUNG', '0000-00-00', 'A', 71, 0, 71),
('71150038', 'NI LUH MURYANTI', 'LUWUK', '0000-00-00', 'A', 71, 0, 71),
('71150039', 'VALLERY RONALDO LAWOASAL', 'BIAK', '0000-00-00', 'T', 71, 0, 71),
('71150040', 'STEVEN ALEXANDER', 'YOGYAKARTA', '0000-00-00', 'A', 71, 0, 71),
('71150041', 'PASKAH ADI PRATAMA TJOKRO', 'AMBON', '0000-00-00', 'A', 71, 0, 71),
('71150042', 'DAVID IMMANUEL WIDAGDO', 'KUDUS', '0000-00-00', 'A', 71, 0, 71),
('71150043', 'RENO PRASETYA ANGGRIAWAN', 'SINGKAWANG', '0000-00-00', 'A', 71, 0, 71),
('71150044', 'SAMUEL EDDIJANTO HARJONO', 'MAGELANG', '0000-00-00', 'A', 71, 0, 71),
('71150045', 'CALVIN ADIWINATA', 'JAKARTA', '0000-00-00', 'A', 71, 0, 71),
('71150046', 'KEVIN GIOVANNI', 'JAKARTA', '0000-00-00', 'A', 71, 0, 71),
('71150047', 'JOSHUA HAREFA', 'TANJUNG SELOR', '0000-00-00', 'A', 71, 1, 71),
('71150048', 'HERSIN KELIDUAN', 'AMBON', '0000-00-00', 'T', 71, 0, 71),
('71150049', 'YOSUA DWI WICAKSONO', 'JAYAPURA', '0000-00-00', 'A', 71, 0, 71),
('71150050', 'PARDAMEAN DESYUKE SINAGA', 'BEKASI', '0000-00-00', 'A', 71, 0, 71),
('71150051', 'THALIA MARIA CAMILO', 'SUAI', '0000-00-00', 'A', 71, 0, 71),
('71150052', 'EDWIN SIMON MALIHU', 'KATALOKA', '0000-00-00', 'A', 71, 0, 71),
('71150053', 'RYAN ADITYAWARA', 'GADING SERPONG', '0000-00-00', 'A', 71, 0, 71),
('71150054', 'AS ARY', 'RANTEPAO', '0000-00-00', 'A', 71, 0, 71),
('71150055', 'MARIATY OCTAVIA ANTARANI', 'ENGGOHE', '0000-00-00', 'A', 71, 0, 71),
('71150056', 'MEIKEL ROSARIO OHOITIMUR', 'MERAUKE', '0000-00-00', 'AS', 71, 0, 71),
('71150057', 'SERA HARIDIANTO SEMBIRING', 'ABEPURA', '0000-00-00', 'T', 71, 0, 71),
('71150058', 'RONALDO EDWARDUS CHRISTNAWAN', 'SEMARANG', '0000-00-00', 'A', 71, 0, 71),
('71150059', 'A. MEDSA W. P. BANGUN', 'SERUI', '0000-00-00', 'A', 71, 0, 71),
('71150060', 'RIZKI FERNANDO SAMBE', 'TIMIKA', '0000-00-00', 'A', 71, 0, 71),
('71150061', 'AGUSTINUS RENDI WALEWOWAN', 'MERAUKE', '0000-00-00', 'A', 71, 0, 71),
('71150062', 'OKTRIANA SIDIK', 'METRO', '0000-00-00', 'A', 71, 0, 71),
('71150063', 'FENNY MEINAWATI', 'PALANGKA RAYA', '0000-00-00', 'A', 71, 0, 71),
('71150064', 'GABRIELLA AMELIA PRASETYO', 'SURAKARTA', '0000-00-00', 'A', 71, 0, 71),
('71150065', 'STEVEN EDGAR', 'RANTAU PRAPAT', '0000-00-00', 'A', 71, 1, 1),
('71150067', 'JULIUS CALVIN HARY CHRISNAWAN', 'JOMBANG', '0000-00-00', 'A', 71, 0, 71),
('71150068', 'RAGIL YOGA IRAWAN', 'PURBALINGGA', '0000-00-00', 'A', 71, 0, 71),
('71150069', 'DANIEL CIENTIFICA', 'LEMPUYANG BANDAR', '0000-00-00', 'T', 71, 0, 71),
('71150070', 'ARDIAN HARAMBURU DEPU', 'WAINGAPU', '0000-00-00', 'A', 71, 0, 71),
('71150071', 'DAUD MADIDI', 'TIMIKA', '0000-00-00', 'T', 71, 0, 71),
('71150072', 'MIKAEL YUDHA DEAZ PUTRA', 'TANGERANG', '0000-00-00', 'A', 71, 0, 71),
('71150073', 'ROBERT DAVID CHRISTIAN', 'MAGELANG', '0000-00-00', 'A', 71, 0, 71),
('71150074', 'RICKY ISNAWAN', 'JOGJAKARTA', '0000-00-00', 'A', 71, 0, 71),
('71150075', 'ARIF NOVIANTA BUSONO', 'KEBUMEN', '0000-00-00', 'A', 71, 0, 71),
('71150076', 'JOAO PIRES DA CRUZ X', 'BAUCAU', '0000-00-00', 'A', 71, 0, 71),
('71150077', 'NATASHA BUNGA ARINDAPUTRI', 'SLEMAN', '0000-00-00', 'T', 71, 0, 71),
('71150078', 'NICO HUTAMA KRISTANTO', 'MAGELANG', '0000-00-00', 'A', 71, 0, 71),
('71150079', 'DARIEL LAMBERT WAHYUDIONO', 'SURAKARTA', '0000-00-00', 'A', 71, 0, 71),
('71150082', 'THEDA YUWANA SAPUTRA', 'KLATEN', '0000-00-00', 'A', 71, 0, 71),
('71150083', 'MARCELLINUS JULIAN FINLANDO', 'PRINGSEWU', '0000-00-00', 'A', 71, 0, 71),
('71150084', 'KEVIN KENT', 'MEDAN', '0000-00-00', 'A', 71, 1, 71),
('71150085', 'MATILDA SERFI DESTA', 'MUKUN', '0000-00-00', 'T', 71, 0, 71),
('71150086', 'RESGI BENEDICTA KARLO', 'MUARA TEWEH', '0000-00-00', 'T', 71, 0, 71),
('71150088', 'DEBORA SYEBAT NAZIR', 'YOGYAKARTA', '0000-00-00', 'A', 71, 0, 71),
('71150089', 'ATALYA FIDELA SAMBENGA', 'PALOPO', '0000-00-00', 'T', 71, 0, 71),
('71150090', 'THOMAS L A LAMAK', 'WUMUKA', '0000-00-00', 'AS', 71, 0, 71),
('71150091', 'ANTHONY APRIAN', 'SAMARINDA', '0000-00-00', 'A', 71, 0, 71),
('71150092', 'ALBERTUS HARYANTO', 'KETAPANG', '0000-00-00', 'A', 71, 0, 71),
('71150094', 'DANDIE SETIAWAN', 'WONOSOBO', '0000-00-00', 'A', 71, 0, 71),
('71150095', 'OKTAPIANUS KENDEK', 'RANEPAO', '0000-00-00', 'A', 71, 0, 71),
('71150100', 'YOGI ORIANDO GIRSANG', 'BREBES', '0000-00-00', 'T', 71, 0, 71),
('71150102', 'VINCENT FABRIAN', 'JAKARTA', '0000-00-00', 'A', 71, 0, 71),
('71150104', 'SILFESTER ERAWAN KASIHIUW', 'MERAUKE', '0000-00-00', 'TS', 71, 0, 71),
('71150105', 'KUNTO AGUNG YUDHISTIRO', 'KLATEN', '0000-00-00', 'A', 71, 0, 71),
('71150106', 'HENRI KRISTIANTO PRADANA', 'KEDIRI', '0000-00-00', 'CS', 71, 0, 71),
('71150107', 'WILLY YERMAN CAROLES', 'MANADO', '0000-00-00', 'T', 71, 0, 71),
('71150108', 'OKTAVIANUS BIMA AJI SETIAWAN', 'KARANGANYAR', '0000-00-00', 'T', 71, 0, 71),
('71150109', 'RIBKA ANGELIA SURBAKTI', 'PEMATANG SIANTAR', '0000-00-00', 'A', 71, 0, 71),
('71150110', 'YESSY MEILITA SINAGA', 'PEMATANG SIANTAR', '0000-00-00', 'A', 71, 0, 71),
('71150111', 'QUENSY KRISTI MALAMASSAM', 'BONE-BONE', '0000-00-00', 'A', 71, 0, 71),
('71150112', 'SILVANUS SATNO NUGRAHA', 'MAKALE', '0000-00-00', 'A', 71, 1, 71),
('71150113', 'REINER SANDRICO ANGLIA', 'PADANG', '0000-00-00', 'A', 71, 1, 71),
('71150114', 'FENRY LEO', 'TARAKAN', '0000-00-00', 'A', 71, 0, 71),
('71150115', 'WOLFHARDUS ALEXANDER RABU', 'ENDE', '0000-00-00', 'A', 71, 0, 71),
('71150116', 'EMANUEL NORMAN PUTERA WARDHANA', 'KEDIRI', '0000-00-00', 'A', 71, 0, 71),
('71150117', 'PUTU PRIDANTA RAKA PUTRA P', 'DENPASAR', '0000-00-00', 'A', 71, 0, 71),
('71150118', 'ARISTARKHUS HAPOSAN SIHOTANG', 'TIMIKA', '0000-00-00', 'A', 71, 0, 71),
('71150119', 'ANDREAS ALVIANTO', 'SLEMAN', '0000-00-00', 'AR', 71, 0, 71),
('71150120', 'TITUS RANGGA WIDI PAMUNGKAS', 'SEMARANG', '0000-00-00', 'A', 71, 0, 71),
('71150122', 'ROY STEVANUS YAPANTO', 'GORONTALO', '0000-00-00', 'A', 71, 0, 71),
('71150123', 'YUDHISTIRA AUDRI PRANATA', 'SURAKARTA', '0000-00-00', 'A', 71, 0, 71),
('71150124', 'NOVITA BR MANURUNG', 'MEDAN', '0000-00-00', 'A', 71, 0, 71),
('71150125', 'NOVIA INDRAYONO RANTE TODING', 'RANTEPAO', '0000-00-00', 'A', 71, 0, 71),
('71150127', 'LUKE NUGROHO KRISTANTO', 'MAGELANG', '0000-00-00', 'T', 71, 0, 71),
('71150128', 'VALERIUS WESLEY DUMA KONDA', 'TEMBAGAPURA', '0000-00-00', 'A', 71, 0, 71),
('71150129', 'YURLIN NOVRIANI', 'TORAJA', '0000-00-00', 'T', 71, 0, 71),
('71150130', 'FEBRYANDI', 'PEMANGKAT', '0000-00-00', 'A', 71, 0, 71),
('71150131', 'HARLEND APRIYANTO S', 'SANGATTA', '0000-00-00', 'A', 71, 0, 71),
('71150132', 'WILSON RUDOLF AMSAMSYUM', 'BIAK', '0000-00-00', 'T', 71, 0, 71),
('71150135', 'CB.YUDI PUSPA IRAWAN', 'GUNUNG KIDUL', '0000-00-00', 'A', 71, 0, 71),
('71150136', 'YOHANES ANDITAGOYA SIAHAAN', 'SLEMAN', '0000-00-00', 'A', 71, 0, 71),
('71150138', 'TABITHA BANU KRISNANTI', 'CILACAP', '0000-00-00', 'T', 71, 0, 71),
('71150140', 'ANDREAS', 'KETAPANG', '0000-00-00', 'T', 71, 0, 71),
('71150141', 'ODILIA JOSE DA COSTA TRINDADE', 'DILI', '0000-00-00', 'T', 71, 0, 71),
('71150142', 'CHRISTIAN IRAWAN', 'SURAKARTA', '0000-00-00', 'A', 71, 0, 71),
('71150147', 'ANDIKA SETYABUDHI', 'PURWOREJO', '0000-00-00', 'T', 71, 0, 71),
('71150148', 'APNEL PAULUS', 'SANDAKAN', '0000-00-00', 'A', 71, 0, 71),
('71150150', 'SEAN BERDY I SUYASA P', 'AMBON', '0000-00-00', 'A', 71, 0, 71),
('71150151', 'KEVIN VALIANT', 'BANDUNG', '0000-00-00', 'A', 71, 0, 71),
('71150152', 'ALFRED ALBERTH A. R. M', 'SANGATTA', '0000-00-00', 'T', 71, 0, 71),
('71150155', 'ANDY KARJO TJONG', 'SINTANG', '0000-00-00', 'A', 71, 0, 71),
('71150156', 'HUTRIMA GUSTI CAHYADI', 'TANGERANG', '0000-00-00', 'A', 71, 0, 71),
('71150157', 'BUDI YUWONO', 'MADIUN', '0000-00-00', 'T', 71, 0, 71),
('71150158', 'GUNAWAN SETIADI PRASTYO', 'MAGELANG', '0000-00-00', 'T', 71, 0, 71),
('71150159', 'RIFAN VENTURA BANGUN', 'MEDAN', '0000-00-00', 'T', 71, 0, 71),
('71150160', 'PRAJA MAXMELIA PALAKA', 'TANA TORAJA', '0000-00-00', 'T', 71, 0, 71),
('71150162', 'MAXENS PALANGDA', 'RANTEPAO', '0000-00-00', 'A', 71, 0, 71),
('71150163', 'CAHYO PURNOMO HADI TANUJOYO', 'SLEMAN', '0000-00-00', 'T', 71, 0, 71),
('71150164', 'ZENAS DWIGRASIA FEBRIAN', 'BANYUMAS', '0000-00-00', 'CS', 71, 0, 71),
('71150166', 'FRANSISKA LITMANTORO HIDAYAT', 'ENDE', '0000-00-00', 'A', 71, 1, 1),
('71150167', 'ELISA TANDIDERUNG', 'RANTEPAO', '0000-00-00', 'T', 71, 0, 71),
('71150168', 'SATRIO FARLIN ROMBEBUNGA', 'RANTEPAO', '0000-00-00', 'T', 71, 0, 71),
('71160001', 'YEREMIA Y. S. G. SUTANTO', 'PURWOKERTO', '0000-00-00', 'A', 71, 0, 71),
('71160002', 'ALVIN WICAKSONO', 'YOGYAKARTA', '0000-00-00', 'A', 71, 0, 71),
('71160003', 'ALDO KURNIA WICAKSONO', 'YOGYAKARTA', '0000-00-00', 'A', 71, 0, 71),
('71160004', 'JOSHUA GIBEON MULYANA', 'TASIKMALAYA', '0000-00-00', 'A', 71, 0, 71),
('71160005', 'PONANG JAGAD PRAMUDHITYA', 'YOGYAKARTA', '0000-00-00', 'A', 71, 0, 71),
('71160006', 'RYAN ARIESTILLMAN CHANDRA', 'MUARA BUNGO', '0000-00-00', 'A', 71, 0, 71),
('71160007', 'CINDY CLARA ALVIONITA', 'YOGYAKARTA', '0000-00-00', 'A', 71, 0, 71),
('71160008', 'LEONARDO IMMANUEL GUNTORO', 'YOGYAKARTA', '0000-00-00', 'A', 71, 0, 71),
('71160009', 'JONATHAN DAVID YUWONO', 'BANTUL', '0000-00-00', 'A', 71, 0, 71),
('71160010', 'DERRY LIEYANTO', 'YOGYAKARTA', '0000-00-00', 'A', 71, 0, 71),
('71160011', 'ADRIAN JULIO CANDAYA', 'MAGELANG', '0000-00-00', 'A', 71, 0, 71),
('71160012', 'ESPERANTISTA ISA SAMIAJI G', 'SLEMAN', '0000-00-00', 'A', 71, 0, 71),
('71160014', 'YONATAN KRISTANTO', 'YOGYAKARTA', '0000-00-00', 'A', 71, 0, 71),
('71160015', 'ANDREAS KURNIAWAN PRAJITNO', 'SLEMAN', '0000-00-00', 'A', 71, 0, 71),
('71160016', 'SYLVIA PUTRI REJEKI GUNAWAN', 'WONOSOBO', '0000-00-00', 'A', 71, 0, 71),
('71160017', 'ABEDNEGO PETRA PRASETYA', 'KLATEN', '0000-00-00', 'A', 71, 0, 71),
('71160018', 'THOMAS WIDIARYA BUDIMAN', 'PEKALONGAN', '0000-00-00', 'A', 71, 0, 71),
('71160019', 'ANDREW LIMAWAN HERRISON', 'TARAKAN', '0000-00-00', 'A', 71, 0, 71),
('71160020', 'VINCENTIUS NICHOLAS HALIM', 'YOGYAKARTA', '0000-00-00', 'A', 71, 0, 71),
('71160023', 'OWEN ALOYSIUS', 'PALEMBANG', '0000-00-00', 'A', 71, 0, 71),
('71160024', 'ARYANUSA ADIWENA', 'YOGYAKARTA', '0000-00-00', 'A', 71, 0, 71),
('71160026', 'IBNEA ABIEZER WITOHENDRO', 'YOGYAKARTA', '0000-00-00', 'T', 71, 0, 71),
('71160027', 'MELKHI PRYADI', 'TANJUNG SELOR', '0000-00-00', 'A', 71, 0, 71),
('71160028', 'JALU INDRIANTO', 'WONOGIRI', '0000-00-00', 'A', 71, 0, 71),
('71160030', 'EVAN FRANSISCO SIRINGO -RINGO', 'WAMENA', '0000-00-00', 'T', 71, 0, 71),
('71160031', 'ADRIAN BOBANE', 'ARU IRIAN', '0000-00-00', 'AS', 71, 0, 71),
('71160033', 'IVAN SURYA WICAKSANA', 'WONOSOBO', '0000-00-00', 'A', 71, 0, 71),
('71160035', 'VINCENCIO APPAULO RIVALDO BATA', 'BAJAWA', '0000-00-00', 'T', 71, 0, 71),
('71160036', 'JOSHUA ANDREAN CAHYO SAPUTRA', 'YOGYAKARTA', '0000-00-00', 'A', 71, 0, 71),
('71160038', 'JULIA CHRISTIN SEMBOR', 'WAMENA', '0000-00-00', 'A', 71, 0, 71),
('71160041', 'KEVIN HENDRY BATUWAEL', 'AMBON', '0000-00-00', 'A', 71, 0, 71),
('71160042', 'CHRISTIANTI ANGELIN M', 'TONDANO', '0000-00-00', 'A', 71, 0, 71),
('71160043', 'GILBERT LEONARDO KADAKOLO', 'JAYAPURA', '0000-00-00', 'A', 71, 0, 71),
('71160044', 'EUGENIA JESSICA SUGIHARTO', 'YOGYAKARTA', '0000-00-00', 'TR', 71, 0, 71),
('71160045', 'ANGGIE RENATA PUTRI', 'JAKARTA', '0000-00-00', 'A', 71, 0, 71),
('71160047', 'EFI OKTAVIANI', 'RIAN', '0000-00-00', 'A', 71, 0, 71),
('71160048', 'HIERONIMUS EMILIANUS NAROTAMA', 'POSO', '0000-00-00', 'T', 71, 0, 71),
('71160049', 'JOHN A LODARMAS', 'SERUI', '0000-00-00', 'T', 71, 0, 71),
('71160050', 'FRANSISKUS DION ARYA D', 'BANTUL', '0000-00-00', 'A', 71, 0, 71),
('71160051', 'DRIYANDO ANDREAS TAMBUNAN', 'TITIAN RESAK', '0000-00-00', 'A', 71, 0, 71),
('71160052', 'NATANIEL DOMINUS R', 'SERUWAM', '0000-00-00', 'A', 71, 0, 71),
('71160053', 'BOB ANDRESON SETIADY', 'JAKARTA', '0000-00-00', 'A', 71, 0, 71),
('71160054', 'IVANA N DJODJAGA', 'TOBELO', '0000-00-00', 'T', 71, 0, 71),
('71160055', 'RATRI PRIHATI NINGTYAS', 'BELITANG', '0000-00-00', 'A', 71, 0, 71),
('71160056', 'ALFRIAN PURBA', 'MARAUKE', '0000-00-00', 'A', 71, 0, 71),
('71160057', 'HERNANDI ADITYA PRONG', 'TAHUNA', '0000-00-00', 'T', 71, 0, 71),
('71160058', 'CINTIA DEVI STEFA RUMPUMBO', 'BANTUL', '0000-00-00', 'A', 71, 0, 71),
('71160059', 'YOGA RIZKY ANDRIAWAN', 'NGANJUK', '0000-00-00', 'A', 71, 0, 71),
('71160060', 'ASWIN ANANGGADIPA', 'KLATEN', '0000-00-00', 'T', 71, 0, 71),
('71160061', 'ZEFANYA DAVID SANTOSO', 'BANYUMAS', '0000-00-00', 'A', 71, 0, 71),
('71160062', 'EKA YULIET PUTRI', 'MAKASSAR', '0000-00-00', 'A', 71, 0, 71),
('71160063', 'ECLYN PRASETYO SIKOMBONG', 'MAKALE', '0000-00-00', 'A', 71, 0, 71),
('71160064', 'AURELIO PIETRO MARCELINO', 'SLEMAN', '0000-00-00', 'A', 71, 0, 71),
('71160065', 'BRYAN RAMAPUTRA PURNAMA', 'JAKARTA', '0000-00-00', 'A', 71, 0, 71),
('71160066', 'CHARLES EKA SWANDI', 'MAGELANG', '0000-00-00', 'A', 71, 0, 71),
('71160067', 'AURELIA FEBE TAMPIL', 'KALUWATU', '0000-00-00', 'A', 71, 0, 71),
('71160068', 'LIBELA FEBRINA', 'NANFA DANGKAN', '0000-00-00', 'A', 71, 0, 71),
('71160069', 'I GEDE WIRA RANATA', 'TABANAN', '0000-00-00', 'T', 71, 0, 71),
('71160070', 'DENIS IRWANTO SAMBO', 'TIMIKA', '0000-00-00', 'A', 71, 0, 71),
('71160071', 'JONATHAN YOGA TRIO ARTHA', 'CILACAP', '0000-00-00', 'T', 71, 0, 71),
('71160072', 'THALIA MARGARETITA NADIFA Y', 'YOGYAKARTA', '0000-00-00', 'A', 71, 0, 71),
('71160073', 'ERINDA RESHA ASTANTI', 'SLEMAN', '0000-00-00', 'A', 71, 0, 71),
('71160074', 'STEVEN YUHANSEN HADI', 'SEMARANG', '0000-00-00', 'A', 71, 0, 71),
('71160075', 'RIFKY NATALEO GUNAWAN', 'YOGYAKARTA', '0000-00-00', 'A', 71, 0, 71),
('71160076', 'ADE MARIA THERESSIA IKANUBUN', 'AMBON', '0000-00-00', 'A', 71, 0, 71),
('71160077', 'SETIAWAN', 'JAMBI', '0000-00-00', 'A', 71, 0, 71),
('71160079', 'STEVAN CHRISBERT TAKASAPING', 'TAHUNA', '0000-00-00', 'T', 71, 0, 71),
('71160080', 'LEONARDO RANDY SETIAWAN', 'MAGELANG', '0000-00-00', 'A', 71, 0, 71),
('71160081', 'YOHANES CHRIS KURNIAWAN', 'MAGELANG', '0000-00-00', 'A', 71, 0, 71),
('71160083', 'RENDY EGA PAAIS', 'JAKARTA', '0000-00-00', 'T', 71, 0, 71),
('71160084', 'YAKOBUS JACK HARTONO', 'YOGYAKARTA', '0000-00-00', 'A', 71, 0, 71),
('71160085', 'YOHANES ANDI WIBOWO', 'MAGELANG', '0000-00-00', 'A', 71, 0, 71),
('71160086', 'WILLHELMUS VERCELY MEKA . F', 'TERNATE', '0000-00-00', 'A', 71, 0, 71);
INSERT INTO `mahasiswa` (`nim`, `nama`, `tempat_lhr`, `tgl_lhr`, `status`, `kode_prodi`, `validasi`, `status_peminjaman`) VALUES
('71160087', 'SAMUEL RICKY SAPUTRO', 'SUKOHARJO', '0000-00-00', 'A', 71, 0, 71),
('71160088', 'DIYAH INTAN PRAMITHA SARI', 'SURAKARTA', '0000-00-00', 'A', 71, 0, 71),
('71160089', 'PAUL ERIC FERNANDA', 'DURI', '0000-00-00', 'A', 71, 0, 71),
('71160090', 'IGNATIO JULIAN TARA', 'DENPASAR', '0000-00-00', 'A', 71, 0, 71),
('71160091', 'FAJAR INTI PERSADA', 'MAKALE', '0000-00-00', 'A', 71, 0, 71),
('71160092', 'IDAMANTA FIRNANDUS GURUSINGA', 'BERASTAGI', '0000-00-00', 'A', 71, 0, 71),
('71160093', 'ANANDA YUDISTIRA P', 'CILACAP', '0000-00-00', 'T', 71, 0, 71),
('71160094', 'PIERCE EDGHART RETRAUBUN', 'TUAL', '0000-00-00', 'A', 71, 0, 71),
('71160095', 'GEDE AGUS AIRLANGGA', 'DENPASAR', '0000-00-00', 'T', 71, 0, 71),
('71160096', 'DIKA NOVIANTI Y.S.', 'BATAM', '0000-00-00', 'A', 71, 0, 71),
('71160097', 'FRIENDLY LIVING HULU', 'ONONAMOLO TUMULA', '0000-00-00', 'A', 71, 0, 71),
('71160098', 'RENLY XAVERIUS PARDAMAEAN K', 'JAYAPURA', '0000-00-00', 'A', 71, 0, 71),
('71160099', 'CHRISTIAN WILLIAM', 'BEKASI', '0000-00-00', 'A', 71, 0, 71),
('71160100', 'PEDRO DAMIANUS AGAPITUS M', 'DILI', '0000-00-00', 'T', 71, 0, 71),
('71160101', 'EL-SHADDAI EXCEL MUBARACK P', 'POSO', '0000-00-00', 'A', 71, 0, 71),
('71160102', 'FILIPUS RYAN PRASETYA A.S.', 'KLATEN', '0000-00-00', 'A', 71, 0, 71),
('71160103', 'APHOLOS YUANG ARKA SAPUTRA', 'KLATEN', '0000-00-00', 'A', 71, 0, 71),
('71160104', 'ERRI JAELANI', 'KOTA KINABALU', '0000-00-00', 'A', 71, 0, 71),
('71160105', 'KEVIN WILLIAM DATU KELALI', 'RANTEPAU', '0000-00-00', 'T', 71, 0, 71),
('71160106', 'BENYAMIN D A PERKASA TAOLIN', 'KEFAMENANU', '0000-00-00', 'A', 71, 0, 71),
('71160107', 'LEONARDO SEPTA VLAVIAN .N', 'SLEMAN', '0000-00-00', 'A', 71, 0, 71),
('71160108', 'SURYA NATHANIEL KATTU', 'MAROS', '0000-00-00', 'A', 71, 0, 71),
('71160109', 'DIMAS ARYA HIDAYAT', 'ABEPURA', '0000-00-00', 'A', 71, 0, 71),
('71160110', 'ELSAFAN TAGAWE', 'YOGYAKARTA', '0000-00-00', 'A', 71, 0, 71),
('71160111', 'REZA REYNALDI IRAWAN', 'PALANGKARAYA', '0000-00-00', 'A', 71, 0, 71),
('71160113', 'AXL MATTHEW DJOURGHI PRAYITNA', 'TEMANGGUNG', '0000-00-00', 'T', 71, 0, 71),
('71160114', 'DELFIA BALISA', 'BONTANG', '0000-00-00', 'A', 71, 0, 71),
('71160115', 'ELDUARDUZ MAHARDHIKA PALAR D', 'YOGYAKARTA', '0000-00-00', 'A', 71, 0, 71),
('71160116', 'RUTH CHRISTINA', 'BANDAR LAMPUNG', '0000-00-00', 'A', 71, 0, 71),
('71160117', 'JOSEPH LOIS AGUNG', 'SAMARINDA', '0000-00-00', 'T', 71, 0, 71),
('71160118', 'WILLIAM ROBERT TONAPA', 'GOWA', '0000-00-00', 'A', 71, 0, 71),
('71160120', 'GRACE A. RUMAYOMI', 'BIAK', '0000-00-00', 'A', 71, 0, 71),
('71160121', 'ALBIE FERDINATA', 'SINGKAWANG', '0000-00-00', 'A', 71, 0, 71),
('71160122', 'PASKALIS RETTOBJAAN', 'BINTUNI', '0000-00-00', 'A', 71, 0, 71),
('71160123', 'OKTOVIANUS JERRY.R', 'LONG NAWANG', '0000-00-00', 'TS', 71, 0, 71),
('71160124', 'JORDY THIMOTY PARU', 'SERUI', '0000-00-00', 'A', 71, 0, 71),
('71160125', 'MUHAMMAD RIZQI M. SIREGAR', 'BANTUL', '0000-00-00', 'T', 71, 0, 71),
('71160126', 'ERVINA MUTIARA DEWANTI', 'SLEMAN', '0000-00-00', 'T', 71, 0, 71),
('71160127', 'YOSUA ALVIANTO NUGROHO', 'SLEMAN', '0000-00-00', 'A', 71, 0, 71),
('71160128', 'AMY HEWU HAWINI', 'PALANGKARAYA', '0000-00-00', 'A', 71, 0, 71),
('71160129', 'ERLANDO DOMINICO HENSAN BAGUS', 'SOLO', '0000-00-00', 'A', 71, 0, 71),
('71160130', 'ENESMI CLARITA HUTABARAT', 'ONANGANJANG', '0000-00-00', 'A', 71, 0, 71),
('71160131', 'BERNADETA AJENG AYU WIDIASTUTI', 'BOGOR', '0000-00-00', 'A', 71, 0, 71),
('71160132', 'BLAND DENY SYAHPUTRA GINTING', 'TANJUNG MUDA', '0000-00-00', 'A', 71, 0, 71),
('71160133', 'DONI INDRA PRATAMA', 'BANGSAL PANJANG', '0000-00-00', 'A', 71, 0, 71),
('71170134', 'YOSSIE RUBEN ADVINDO', 'SLEMAN', '0000-00-00', 'AR', 71, 0, 71),
('71170135', 'ARNAN DWIKA DIASMARA', 'CIREBON', '0000-00-00', 'AR', 71, 0, 71),
('71170136', 'NICHOLAS CHRISTIANTO WIJAYA', 'YOGYAKARTA', '0000-00-00', 'AR', 71, 0, 71),
('71170137', 'I PUTU SUGOSA ANGGARAMUKTI', 'YOGYAKARTA', '0000-00-00', 'AR', 71, 0, 71),
('71170138', 'JONATHAN BILLY MINTARJA', 'MAGELANG', '0000-00-00', 'AR', 71, 0, 71),
('71170139', 'STEFANUS ADI NUGROHO', 'BENGKULU', '0000-00-00', 'AR', 71, 0, 71),
('71170140', 'CYNTHIA ANDRIANA', 'TEMANGGUNG', '0000-00-00', 'AR', 71, 0, 71),
('71170141', 'JOSEPH FERNANDO LIM', 'PALEMBANG', '0000-00-00', 'AR', 71, 0, 71),
('71170143', 'VINCENT ARLEN SANTOSO', 'BANDUNG', '0000-00-00', 'AR', 71, 0, 71),
('71170144', 'WILHELMUS KRISVAN PAMUNGKAS', 'YOGYAKARTA', '0000-00-00', 'AR', 71, 0, 71),
('71170145', 'STEPHANIE NADIA CARRISA', 'MAGELANG', '0000-00-00', 'AR', 71, 0, 71),
('71170146', 'HANDI HERMAWAN', 'CIAMIS', '0000-00-00', 'AR', 71, 0, 71),
('71170147', 'DENNIS ALEXANDER', 'BANDAR LAMPUNG', '0000-00-00', 'AR', 71, 0, 71),
('71170148', 'VINCENT WIJAYA', 'JAMBI', '0000-00-00', 'AR', 71, 0, 71),
('71170149', 'YEHESKIEL REZA ANDRAZEIN', 'KULONPROGO', '0000-00-00', 'AR', 71, 0, 71),
('71170150', 'YOSEPH KRISTANTO SUNARSO', 'YOGYAKARTA', '0000-00-00', 'AR', 71, 0, 71),
('71170151', 'FERNANDO AXL WICAKSONO', 'SEMARANG', '0000-00-00', 'AR', 71, 0, 71),
('71170152', 'ANGGITA IRENT OCTAVIANA', 'LUWUK', '0000-00-00', 'AR', 71, 0, 71),
('71170153', 'ANANDA KUSUMAWARDANA', 'YOGYAKARTA', '0000-00-00', 'AR', 71, 0, 71),
('71170154', 'JESSIVA CHANDRA SANTOSO', 'YOGYAKARTA', '0000-00-00', 'AR', 71, 0, 71),
('71170156', 'HERMAN FIDEL WOMSIWOR', 'SORONG', '0000-00-00', 'AR', 71, 0, 71),
('71170157', 'NATHANIEL ALVIN PRATAMA', 'BANTUL', '0000-00-00', 'AR', 71, 0, 71),
('71170158', 'NOLAN BRAMANTYA', 'YOGYAKARTA', '0000-00-00', 'AR', 71, 0, 71),
('71170159', 'VICTOR ANDRIAN MENDONCA', 'ATAMBUA', '0000-00-00', 'AR', 71, 0, 71),
('71170160', 'JONATHAN HENDY SINARTO', 'YOGYAKARTA', '0000-00-00', 'AR', 71, 0, 71),
('71170161', 'TOPAN MARDINATA PANTI', 'SERUKAM', '0000-00-00', 'AR', 71, 0, 71),
('71170162', 'ALDI RIAWAN', 'PANGKALAN BUN', '0000-00-00', 'AR', 71, 0, 71),
('71170163', 'VALENT CHRISTIAN ADIPUTRA', 'SUKOHARJO', '0000-00-00', 'AR', 71, 0, 71),
('71170164', 'RIKO GUSJAKAL MURAN', 'MUARA TEWEH', '0000-00-00', 'AR', 71, 0, 71),
('71170165', 'ERWIN PRAYOGA', 'RANTAU BUDA', '0000-00-00', 'AR', 71, 0, 71),
('71170166', 'AMBROSIUS BIDRO', 'TANJUNG', '0000-00-00', 'AR', 71, 0, 71),
('71170167', 'ABRAHAM NENDISSA', 'KUPANG', '0000-00-00', 'AR', 71, 0, 71),
('71170168', 'ARDHY CHANDRA KURNIAWAN', 'SURAKARTA', '0000-00-00', 'AR', 71, 0, 71),
('71170169', 'ARYASASTA DHARMA SAGALA', 'POSO', '0000-00-00', 'AR', 71, 0, 71),
('71170170', 'DAMIANUS WAHYU ADI PRIAMBODO', 'TANGERANG', '0000-00-00', 'AR', 71, 0, 71),
('71170171', 'MICHAEL WILLIAM ALEXANDER', 'YOGYAKARTA', '0000-00-00', 'AR', 71, 0, 71),
('71170172', 'M.NOVENDA DEO GRATIAS', 'PUTUSSIBAU', '0000-00-00', 'AR', 71, 0, 71),
('71170173', 'JOSHUA PUTRA SETYADI', 'BATAM', '0000-00-00', 'AR', 71, 0, 71),
('71170174', 'DEWI SARTIKA BR TUMANGGOR', 'SITINJO', '0000-00-00', 'AR', 71, 0, 71),
('71170175', 'BENI WIHADI', 'NGABANG', '0000-00-00', 'TR', 71, 0, 71),
('71170176', 'YOHANES SAMUEL ERO MARTONO', 'SURABAYA', '0000-00-00', 'AR', 71, 0, 71),
('71170177', 'WEGIG AROK PRIAMBODO', 'MAGELANG', '0000-00-00', 'AR', 71, 0, 71),
('71170178', 'ADE PUTRI YOLANDA', 'PALU', '0000-00-00', 'AR', 71, 0, 71),
('71170179', 'NIKODEMUS ADI KUSUMA PUTRA', 'PURWOREJO', '0000-00-00', 'AR', 71, 0, 71),
('71170180', 'JOLEVIN ARMANDO HOSANG', 'KUPANG', '0000-00-00', 'AR', 71, 0, 71),
('71170181', 'INGGRIT RISAKOTTA', 'MALIFUT DESA SOSOL', '0000-00-00', 'AR', 71, 0, 71),
('71170182', 'ANJELICA TANDIRERUNG', 'BUTTU LIMBONG', '0000-00-00', 'AR', 71, 0, 71),
('71170183', 'NATHANIA SAPHIRA', 'TANGERANG', '0000-00-00', 'AR', 71, 0, 71),
('71170184', 'MADE UMBU PASKALIS PUTRA A', 'MANADO', '0000-00-00', 'AR', 71, 0, 71),
('71170185', 'DION', 'SINTANG', '0000-00-00', 'AR', 71, 0, 71),
('71170186', 'YOSE KORNELIUS', 'JAMBI', '0000-00-00', 'AR', 71, 0, 71),
('71170187', 'CHRISTIE AGATA KAROMA', 'TABALONG', '0000-00-00', 'AR', 71, 0, 71),
('71170188', 'MONICA ESTERA', 'YOGYAKARTA', '0000-00-00', 'AR', 71, 0, 71),
('71170189', 'RANDY B.L. PUTRA MARPAUNG', 'TARUTUNG', '0000-00-00', 'AR', 71, 0, 71),
('71170190', 'MELISSA RUTH ELYSABETH SITORUS', 'TANJUNGPINANG', '0000-00-00', 'AR', 71, 0, 71),
('71170191', 'APRIANTI VIVISON WIJAYA', 'MAKASSAR', '0000-00-00', 'AR', 71, 0, 71),
('71170192', 'GUNTUR NAWAK SARA TUMAKAKA', 'PALU', '0000-00-00', 'AR', 71, 0, 71),
('71170193', 'MERY RUTH REZALINA', 'BALIKPAPAN', '0000-00-00', 'AR', 71, 0, 71),
('71170194', 'RAYMOND KURNIAWAN', 'MAGELANG', '0000-00-00', 'AR', 71, 0, 71),
('71170195', 'REFORMANTO EKAPUTRA ANAKONDA', 'PAYETI', '0000-00-00', 'AR', 71, 0, 71),
('71170196', 'MATIUS KRISNA GUNARNO', 'KEBONG', '0000-00-00', 'AR', 71, 0, 71),
('71170197', 'JOSHUA ALBERT WIJAYA', 'YOGYAKARTA', '0000-00-00', 'AR', 71, 0, 71),
('71170198', 'MARCELINO IMANUEL HANDE', 'SANGATTA', '0000-00-00', 'AR', 71, 0, 71),
('71170200', 'FENTY VERISTA ADU', 'KUPANG', '0000-00-00', 'AR', 71, 0, 71),
('71170201', 'CHRISTIAWAN BELA MADHANI', 'YOGYAKARTA', '0000-00-00', 'AR', 71, 0, 71),
('71170202', 'WAYAN EDI SUDARMA', 'KARANG AYAR', '0000-00-00', 'AR', 71, 0, 71),
('71170203', 'RIKY KRISTIAN ASAN', 'TIMIKA', '0000-00-00', 'AR', 71, 0, 71),
('71170204', 'SAMUEL ELJOY WIBOWO', 'SUKOREJO', '0000-00-00', 'AR', 71, 0, 71),
('71170205', 'YUSUF GIRI PRIYANGGA ADI', 'SURAKARTA', '0000-00-00', 'AR', 71, 0, 71),
('71170206', 'SHEREN FEBRIANA WUISAN', 'MANADO', '0000-00-00', 'AR', 71, 0, 71),
('71170207', 'FERRY SETIAWAN', 'YOGYAKARTA', '0000-00-00', 'AR', 71, 0, 71),
('71170208', 'JEFRISON BANNI', 'TIMOR TIMUR', '0000-00-00', 'AR', 71, 0, 71),
('71170209', 'GILANG ARYO GUNAWAN', 'SORONG', '0000-00-00', 'AR', 71, 0, 71),
('71170210', 'YOSEP PARLINDUNGAN NAIBAHO', 'CURUP', '0000-00-00', 'AR', 71, 0, 71),
('71170211', 'GALEN RIANDITO', 'BANTUL', '0000-00-00', 'AR', 71, 0, 71),
('71170212', 'SATRIYA J.P.  RAPANDAKA', 'KUPANG', '0000-00-00', 'AR', 71, 0, 71),
('71170213', 'CHITA AGNI FREENUSWARI', 'SURAKARTA', '0000-00-00', 'AR', 71, 0, 71),
('71170214', 'SINUNG PURNAMA AJI SAPUTRA', 'TANGERANG', '0000-00-00', 'AR', 71, 0, 71),
('71170215', 'ANGEL LITA COSTANTINE', 'SORONG', '0000-00-00', 'AR', 71, 0, 71),
('71170216', 'KUKUH NUGROHO', 'YOGYAKARTA', '0000-00-00', 'AR', 71, 0, 71),
('71170217', 'YOHANNES DE DEO ARYANDA PUTRA', 'YOGYAKARTA', '0000-00-00', 'AR', 71, 0, 71),
('71170218', 'ZELLYN REBECA LABIRO LUISAN', 'MANADO', '0000-00-00', 'AR', 71, 0, 71),
('71170219', 'HANA KASTANYA', 'AMBON', '0000-00-00', 'AR', 71, 0, 71),
('71170220', 'KADEK DONI HENDRAWAN', 'BATURAJA', '0000-00-00', 'AR', 71, 0, 71),
('71170221', 'RAYMOND FIGO INUHAN', 'PURBALINGGA', '0000-00-00', 'AR', 71, 0, 71),
('71170222', 'MARGANDA WAHYU T SIMANULLANG', 'MEDAN', '0000-00-00', 'AR', 71, 0, 71),
('71170223', 'WILDAN KRISTIAN MAHARDIKA', 'KLATEN', '0000-00-00', 'AR', 71, 0, 71),
('71170224', 'JUAN ANTONIO PRATAMA KAIYA', 'JAKARTA', '0000-00-00', 'AR', 71, 0, 71),
('71170225', 'RUT FEBRIANTY', 'BATAM', '0000-00-00', 'AR', 71, 0, 71),
('71170226', 'KRISTOFER BAYU PAMUNGKAS', 'KEBUMEN', '0000-00-00', 'AR', 71, 0, 71),
('71170227', 'WILMAN PASARIBU', 'KISARAN', '0000-00-00', 'AR', 71, 0, 71),
('71170228', 'JOSHIA AGRISA ANRHIELY LUTHER', 'NANGA PINOH', '0000-00-00', 'AR', 71, 0, 71),
('71170229', 'SHARON PRAMESTY', 'SLEMAN', '0000-00-00', 'AR', 71, 0, 71),
('71170230', 'ALVRIALDO SANJAYA  DESE', 'SAMARINDA', '0000-00-00', 'AR', 71, 0, 71),
('71170231', 'I PUTU SURYA SUDARMAN', 'TABANAN', '0000-00-00', 'AR', 71, 0, 71),
('71170232', 'MEIDA FEBIANNA BR PINEM', 'BATU KARANG', '0000-00-00', 'AR', 71, 0, 71),
('71170233', 'BILLY CHRISTO MANOY', 'BITUNG', '0000-00-00', 'AR', 71, 0, 71),
('71170234', 'PETRUS CHANEL REKSY.A', 'KLATEN', '0000-00-00', 'AR', 71, 0, 71),
('71170235', 'CHRISTY NATALIA HUWAE', 'MANADO', '0000-00-00', 'AR', 71, 0, 71),
('71170236', 'LAURENSIA ESMERALDA TJIABRATA', 'TOBELO', '0000-00-00', 'AR', 71, 0, 71),
('71170237', 'JUAN SIMON CHARLOS', 'BUKITTINGGI', '0000-00-00', 'AR', 71, 0, 71),
('71170238', 'JOSEPH STENLY YAMBE', 'JAYAPURA', '0000-00-00', 'AR', 71, 0, 71),
('71170239', 'WILLIAM PASARIBU', 'KISARAN', '0000-00-00', 'AR', 71, 0, 71),
('71170240', 'NATHANAEL DHARMAWAN', 'SUKOHARJO', '0000-00-00', 'AR', 71, 0, 71),
('71170241', 'JERMIA TAMPUBOLON', 'SEI BEROMBANG', '0000-00-00', 'AR', 71, 0, 71),
('71170242', 'BONAVENTURA RAY ARGATA A. P', 'UJUNG PANDANG', '0000-00-00', 'AR', 71, 0, 71),
('71170243', 'VARREL JOEY FERELESTIAN', 'MANOKWARI', '0000-00-00', 'AR', 71, 0, 71),
('71170244', 'WIERI FREIARTIKA', 'MAKASAR', '0000-00-00', 'AR', 71, 0, 71),
('71170245', 'LIBERTY DELANO PESURNAY', 'JAYAPURA', '0000-00-00', 'TR', 71, 0, 71),
('71170246', 'HINGGA KRISKURNIAWAN', 'PEMANGKAT', '0000-00-00', 'AR', 71, 0, 71),
('71170247', 'MAYESTI ANGGELINA', 'RANTAU SELAMAT', '0000-00-00', 'AR', 71, 0, 71),
('71170248', 'VETLANA MEILIN C. EWI', 'WORAT-WORAT', '0000-00-00', 'AR', 71, 0, 71),
('71170249', 'RUDI', 'PALOPO', '0000-00-00', 'AR', 71, 0, 71);

-- --------------------------------------------------------

--
-- Struktur dari tabel `pengajuan`
--

CREATE TABLE `pengajuan` (
  `id` int(11) NOT NULL,
  `ipk` double NOT NULL,
  `no_hp` varchar(255) NOT NULL,
  `no_hp_orang_tua` varchar(255) NOT NULL,
  `persyaratan` varchar(255) DEFAULT NULL,
  `pengajuan_pinjaman` bigint(20) NOT NULL,
  `disetujui_wd_3` bigint(20) NOT NULL,
  `catatan` varchar(255) NOT NULL,
  `nim` int(11) NOT NULL
) ENGINE=InnoDB DEFAULT CHARSET=latin1;

--
-- Dumping data untuk tabel `pengajuan`
--

INSERT INTO `pengajuan` (`id`, `ipk`, `no_hp`, `no_hp_orang_tua`, `persyaratan`, `pengajuan_pinjaman`, `disetujui_wd_3`, `catatan`, `nim`) VALUES
(24, 2.2, '082180898798', '082180898798', 'KTM,Invoice,Transkrip Nilai', 5000000, 50000, 'jo shua', 71150047),
(34, 3.24, '123123123123', '123123', 'KTM,KHS,Transkrip Nilai,,,,', 123123, 1231231, '11111', 71150166),
(35, 123, '123213', '123123', 'KTM,Invoice,,,,', 12323, 1231232, '123123', 71150005),
(36, 4, '123123', '123123', 'KHS,Invoice,Transkrip Nilai,,,,', 123123, 3432423, '123123', 71150004),
(37, 312, '123123', '12321', 'KHS,Invoice,Transkrip Nilai,,,,', 123123, 1231231, '33333', 71150006),
(38, 123123, '123123', '123123', 'KHS,Invoice,Transkrip Nilai,,,,', 123123, 1231231, '123123', 71150007),
(39, 123123, '123123', '123123', 'KTM,KHS,,,,', 12312, 1231231, '123123', 71150008),
(40, 3.9, '05894152652', '08152118233', 'KTM,KHS,Invoice,Transkrip Nilai,,,,', 500000, 500000, 'kamu sudah meminjam hahaha', 71150065);

-- --------------------------------------------------------

--
-- Struktur dari tabel `users`
--

CREATE TABLE `users` (
  `id` int(255) NOT NULL,
  `username` varchar(100) NOT NULL,
  `fullname` varchar(150) NOT NULL,
  `email` varchar(200) NOT NULL,
  `password` varchar(250) NOT NULL,
  `status` tinyint(1) NOT NULL DEFAULT '0',
  `is_approved` tinyint(1) DEFAULT '0'
) ENGINE=InnoDB DEFAULT CHARSET=latin1;

--
-- Dumping data untuk tabel `users`
--

INSERT INTO `users` (`id`, `username`, `fullname`, `email`, `password`, `status`, `is_approved`) VALUES
(1, 'coba', 'cobacoba', 'coba@gmail.com', '366d48618d0fa09410defb25fe3184de986b7f5260a857f5c16c94cf093236b8', 1, 1),
(2, 'michell', 'Michell Bernardi', 'michell.bernardi@ti.ukdw.ac.id', '1fb68d1928b308bbb782c6f687259f0eab4254c243754b4fbe5f0abe6209bbab', 0, 1),
(3, 'reinersandrico97', 'reiner sandrico anglia', 'reiner.sandrico@gmail.com', 'bedca0e1884097bd6fb151fb677bd10426cc9f97c69b8cbc1248c5488385cae2', 0, 1);

--
-- Indexes for dumped tables
--

--
-- Indexes for table `history`
--
ALTER TABLE `history`
  ADD PRIMARY KEY (`id`);

--
-- Indexes for table `mahasiswa`
--
ALTER TABLE `mahasiswa`
  ADD PRIMARY KEY (`nim`);

--
-- Indexes for table `pengajuan`
--
ALTER TABLE `pengajuan`
  ADD PRIMARY KEY (`id`);

--
-- Indexes for table `users`
--
ALTER TABLE `users`
  ADD PRIMARY KEY (`id`);

--
-- AUTO_INCREMENT for dumped tables
--

--
-- AUTO_INCREMENT for table `history`
--
ALTER TABLE `history`
  MODIFY `id` int(11) NOT NULL AUTO_INCREMENT;
--
-- AUTO_INCREMENT for table `pengajuan`
--
ALTER TABLE `pengajuan`
  MODIFY `id` int(11) NOT NULL AUTO_INCREMENT, AUTO_INCREMENT=41;
--
-- AUTO_INCREMENT for table `users`
--
ALTER TABLE `users`
  MODIFY `id` int(255) NOT NULL AUTO_INCREMENT, AUTO_INCREMENT=4;
/*!40101 SET CHARACTER_SET_CLIENT=@OLD_CHARACTER_SET_CLIENT */;
/*!40101 SET CHARACTER_SET_RESULTS=@OLD_CHARACTER_SET_RESULTS */;
/*!40101 SET COLLATION_CONNECTION=@OLD_COLLATION_CONNECTION */;
